{
    "textures": {
        "fishing_rod": "block/3dstuff/fishing_rod1"
    },
    "display": {
         "gui": {
            "rotation": [ 180, 180, 140 ],
            "translation": [ 0, 0.5, 0 ],
            "scale": [ 1.25, 1.25, 1.25 ]
        },
        "firstperson_righthand": {
            "rotation": [ 0, 270, 355 ],
            "translation": [ -2, 6.5, -2 ],
            "scale": [ 1.5, 1.5, 1.5 ]
        },
        "firstperson_lefthand": {
            "rotation": [ 0, 90, 5 ],
            "translation": [ -2, 6.5, -2 ],
            "scale": [ 1.5, 1.5, 1.5 ]
        },
        "thirdperson_righthand": {
            "rotation": [ 0, 270, 0 ],
            "translation": [ 0, 1, -5.5 ],
            "scale": [ 1.5, 1.5, 1.5 ]
        },
        "thirdperson_lefthand": {
            "rotation": [ 0, 90, 0 ],
            "translation": [ 0, 1, -5.5 ],
            "scale": [ 1.5, 1.5, 1.5 ]
        }
    },
    "elements": [
        {
            "name": "body1",
            "from": [ 8, 7, 7.5 ], 
            "to": [ 9, 8, 8.5 ], 
            "faces": {
                "north": { "texture": "#fishing_rod", "uv": [ 12, 0, 13, 1 ] },
                "east": { "texture": "#fishing_rod", "uv": [ 12, 0, 13, 1 ] },
                "south": { "texture": "#fishing_rod", "uv": [ 12, 0, 13, 1 ] },
                "west": { "texture": "#fishing_rod", "uv": [ 12, 0, 13, 1 ] },
                "up": { "texture": "#fishing_rod", "uv": [ 12, 0, 13, 1 ] }
            }
        },
        {
            "name": "body2",
            "from": [ 4, 7.125, 7.625 ], 
            "to": [ 8, 7.875, 8.375 ], 
            "faces": {
                "north": { "texture": "#fishing_rod", "uv": [ 8, 0, 12, 0.75 ] },
                "south": { "texture": "#fishing_rod", "uv": [ 8, 0, 12, 0.75 ] },
                "up": { "texture": "#fishing_rod", "uv": [ 8, 0, 12, 0.75 ] },
                "down": { "texture": "#fishing_rod", "uv": [ 8, 0, 12, 0.75 ] }
            }
        },
        {
            "name": "body3",
            "from": [ 9, 7.125, 7.625 ], 
            "to": [ 10, 7.875, 8.375 ], 
            "faces": {
                "north": { "texture": "#fishing_rod", "uv": [ 8, 0, 9, 0.75 ] },
                "south": { "texture": "#fishing_rod", "uv": [ 8, 0, 9, 0.75 ] },
                "up": { "texture": "#fishing_rod", "uv": [ 8, 0, 9, 0.75 ] },
                "down": { "texture": "#fishing_rod", "uv": [ 8, 0, 9, 0.75 ] }
            }
        },
        {
            "name": "body4",
            "from": [ 3, 7, 7.5 ], 
            "to": [ 4, 8, 8.5 ], 
            "faces": {
                "north": { "texture": "#fishing_rod", "uv": [ 12, 0, 13, 1 ] },
                "east": { "texture": "#fishing_rod", "uv": [ 12, 0, 13, 1 ] },
                "south": { "texture": "#fishing_rod", "uv": [ 12, 0, 13, 1 ] },
                "west": { "texture": "#fishing_rod", "uv": [ 12, 0, 13, 1 ] },
                "up": { "texture": "#fishing_rod", "uv": [ 12, 0, 13, 1 ] },
                "down": { "texture": "#fishing_rod", "uv": [ 12, 0, 13, 1 ] }
            }
        },
        {
            "name": "body5",
            "from": [ 10, 7, 7.5 ], 
            "to": [ 13, 8, 8.5 ], 
            "faces": {
                "north": { "texture": "#fishing_rod", "uv": [ 12, 0, 15, 1 ] },
                "east": { "texture": "#fishing_rod", "uv": [ 12, 0, 13, 1 ] },
                "south": { "texture": "#fishing_rod", "uv": [ 12, 0, 15, 1 ] },
                "west": { "texture": "#fishing_rod", "uv": [ 12, 0, 13, 1 ] },
                "up": { "texture": "#fishing_rod", "uv": [ 12, 0, 15, 1 ] },
                "down": { "texture": "#fishing_rod", "uv": [ 12, 0, 15, 1 ] }
            }
        },
        {
            "name": "body6",
            "from": [ 13, 7.125, 7.625 ], 
            "to": [ 15, 7.875, 8.375 ], 
            "faces": {
                "north": { "texture": "#fishing_rod", "uv": [ 8, 0, 10, 0.75 ] },
                "south": { "texture": "#fishing_rod", "uv": [ 8, 0, 10, 0.75 ] },
                "up": { "texture": "#fishing_rod", "uv": [ 8, 0, 10, 0.75 ] },
                "down": { "texture": "#fishing_rod", "uv": [ 8, 0, 10, 0.75 ] }
            }
        },
        {
            "name": "body7",
            "from": [ 15, 7, 7.5 ], 
            "to": [ 16, 8, 8.5 ], 
            "faces": {
                "north": { "texture": "#fishing_rod", "uv": [ 12, 0, 13, 1 ] },
                "east": { "texture": "#fishing_rod", "uv": [ 12, 0, 13, 1 ] },
                "south": { "texture": "#fishing_rod", "uv": [ 12, 0, 13, 1 ] },
                "west": { "texture": "#fishing_rod", "uv": [ 12, 0, 13, 1 ] },
                "up": { "texture": "#fishing_rod", "uv": [ 12, 0, 13, 1 ] },
                "down": { "texture": "#fishing_rod", "uv": [ 12, 0, 13, 1 ] }
            }
        },
        {
            "name": "body8",
            "from": [ 3, 8, 8.125 ], 
            "to": [ 4, 8.25, 8.375 ], 
            "faces": {
                "north": { "texture": "#fishing_rod", "uv": [ 12, 0, 13, 0.25 ] },
                "east": { "texture": "#fishing_rod", "uv": [ 12, 0, 12.25, 0.25 ] },
                "south": { "texture": "#fishing_rod", "uv": [ 12, 0, 13, 0.25 ] },
                "west": { "texture": "#fishing_rod", "uv": [ 12, 0, 12.25, 0.25 ] },
                "up": { "texture": "#fishing_rod", "uv": [ 12, 0, 13, 0.25 ] }
            }
        },
        {
            "name": "body9",
            "from": [ 3, 8, 7.625 ], 
            "to": [ 4, 8.25, 7.875 ], 
            "faces": {
                "north": { "texture": "#fishing_rod", "uv": [ 12, 0, 13, 0.25 ] },
                "east": { "texture": "#fishing_rod", "uv": [ 12, 0, 12.25, 0.25 ] },
                "south": { "texture": "#fishing_rod", "uv": [ 12, 0, 13, 0.25 ] },
                "west": { "texture": "#fishing_rod", "uv": [ 12, 0, 12.25, 0.25 ] },
                "up": { "texture": "#fishing_rod", "uv": [ 12, 0, 13, 0.25 ] }
            }
        },
        {
            "name": "sight1",
            "from": [ 12.5, 8, 7.75 ], 
            "to": [ 12.75, 8.5, 8.25 ], 
            "faces": {
                "north": { "texture": "#fishing_rod", "uv": [ 12, 0, 12.25, 0.5 ] },
                "east": { "texture": "#fishing_rod", "uv": [ 12, 0, 12.5, 5.5 ], "rotation": 180 },
                "south": { "texture": "#fishing_rod", "uv": [ 12, 0, 12.25, 0.5 ] },
                "west": { "texture": "#fishing_rod", "uv": [ 12, 0, 12.5, 0.5 ] },
                "up": { "texture": "#fishing_rod", "uv": [ 12, 0, 12.25, 0.5 ] }
            }
        },
        {
            "name": "sight2",
            "from": [ 12.5, 8.5, 7.75 ], 
            "to": [ 12.75, 8.75, 7.875 ], 
            "faces": {
                "north": { "texture": "#fishing_rod", "uv": [ 12, 0, 12.25, 0.25 ] },
                "east": { "texture": "#fishing_rod", "uv": [ 12, 4, 12.125, 4.25 ] },
                "south": { "texture": "#fishing_rod", "uv": [ 12, 0, 12.25, 0.25 ] },
                "west": { "texture": "#fishing_rod", "uv": [ 12, 0, 12.125, 0.25 ] },
                "up": { "texture": "#fishing_rod", "uv": [ 12, 0, 12.25, 0.125 ] }
            }
        },
        {
            "name": "sight3",
            "from": [ 12.5, 8.5, 8.125 ], 
            "to": [ 12.75, 8.75, 8.25 ], 
            "faces": {
                "north": { "texture": "#fishing_rod", "uv": [ 12, 0, 12.25, 0.25 ] },
                "east": { "texture": "#fishing_rod", "uv": [ 12, 4, 12.125, 4.25 ] },
                "south": { "texture": "#fishing_rod", "uv": [ 12, 0, 12.25, 0.25 ] },
                "west": { "texture": "#fishing_rod", "uv": [ 12, 0, 12.125, 0.25 ] },
                "up": { "texture": "#fishing_rod", "uv": [ 12, 0, 12.25, 0.125 ] }
            }
        },
        {
            "name": "retrieve1",
            "from": [ 7.875, 6.75, 7.375 ], 
            "to": [ 9.125, 7, 8.625 ], 
            "faces": {
                "north": { "texture": "#fishing_rod", "uv": [ 0, 4, 1.25, 4.25 ] },
                "east": { "texture": "#fishing_rod", "uv": [ 0, 4, 1.25, 4.25 ] },
                "south": { "texture": "#fishing_rod", "uv": [ 0, 4, 1.25, 4.25 ] },
                "west": { "texture": "#fishing_rod", "uv": [ 0, 4, 1.25, 4.25 ] },
                "up": { "texture": "#fishing_rod", "uv": [ 0, 4, 1.25, 5.25 ] },
                "down": { "texture": "#fishing_rod", "uv": [ 0, 4, 1.25, 5.25 ] }
            }
        },
        {
            "name": "retrieve2",
            "from": [ 7.875, 6, 7.375 ], 
            "to": [ 9.125, 6.25, 8.625 ], 
            "faces": {
                "north": { "texture": "#fishing_rod", "uv": [ 0, 4, 1.25, 4.25 ] },
                "east": { "texture": "#fishing_rod", "uv": [ 0, 4, 1.25, 4.25 ] },
                "south": { "texture": "#fishing_rod", "uv": [ 0, 4, 1.25, 4.25 ] },
                "west": { "texture": "#fishing_rod", "uv": [ 0, 4, 1.25, 4.25 ] },
                "up": { "texture": "#fishing_rod", "uv": [ 0, 4, 1.25, 5.25 ] },
                "down": { "texture": "#fishing_rod", "uv": [ 0, 4, 1.25, 5.25 ] }
            }
        },
        {
            "name": "retrieve3",
            "from": [ 8, 6.25, 7.5 ], 
            "to": [ 9, 6.75, 8.5 ], 
            "faces": {
                "north": { "texture": "#fishing_rod", "uv": [ 0, 4, 1, 4.5 ] },
                "east": { "texture": "#fishing_rod", "uv": [ 0, 4, 1, 4.5 ] },
                "south": { "texture": "#fishing_rod", "uv": [ 0, 4, 1, 4.5 ] },
                "west": { "texture": "#fishing_rod", "uv": [ 0, 4, 1, 4.5 ] }
            }
        },
        {
            "name": "retrieve4",
            "from": [ 7.625, 5.75, 7.875 ], 
            "to": [ 8.625, 6, 8.125 ], 
            "faces": {
                "north": { "texture": "#fishing_rod", "uv": [ 0, 4, 1, 4.25 ] },
                "east": { "texture": "#fishing_rod", "uv": [ 0, 4, 0.25, 4.25 ] },
                "south": { "texture": "#fishing_rod", "uv": [ 0, 4, 1, 4.25 ] },
                "west": { "texture": "#fishing_rod", "uv": [ 0, 4, 0.25, 4.25 ] },
                "up": { "texture": "#fishing_rod", "uv": [ 0, 4, 1, 4.25 ] },
                "down": { "texture": "#fishing_rod", "uv": [ 0, 4, 1, 4.25 ] }
            }
        },
        {
            "name": "retrieve5",
            "from": [ 7.625, 5.25, 7.875 ], 
            "to": [ 7.875, 5.75, 8.125 ], 
            "faces": {
                "north": { "texture": "#fishing_rod", "uv": [ 0, 4, 0.25, 4.5 ] },
                "east": { "texture": "#fishing_rod", "uv": [ 0, 4, 0.25, 4.5 ] },
                "south": { "texture": "#fishing_rod", "uv": [ 0, 4, 0.25, 4.5 ] },
                "west": { "texture": "#fishing_rod", "uv": [ 0, 4, 0.25, 4.5 ] },
                "down": { "texture": "#fishing_rod", "uv": [ 0, 4, 0.25, 4.25 ] }
            }
        },
        {
            "name": "retrieve6",
            "from": [ 3.375, 6.5, 7.875 ], 
            "to": [ 3.625, 7, 8.125 ], 
            "faces": {
                "north": { "texture": "#fishing_rod", "uv": [ 0, 4, 0.25, 4.5 ] },
                "east": { "texture": "#fishing_rod", "uv": [ 0, 4, 0.25, 4.5 ] },
                "south": { "texture": "#fishing_rod", "uv": [ 0, 4, 0.25, 4.5 ] },
                "west": { "texture": "#fishing_rod", "uv": [ 0, 4, 0.25, 4.5 ] },
                "down": { "texture": "#fishing_rod", "uv": [ 0, 4, 0.25, 4.25 ] }
            }
        },
        {
            "name": "retrieve7",
            "from": [ 3.625, 6.625, 7.94 ], 
            "to": [ 8, 6.75, 8.065 ], 
            "faces": {
                "north": { "texture": "#fishing_rod", "uv": [ 4, 4, 11.375, 4.125 ] },
                "south": { "texture": "#fishing_rod", "uv": [ 4, 5, 11.375, 5.125 ] },
                "up": { "texture": "#fishing_rod", "uv": [ 4, 6, 11.375, 6.125 ] },
                "down": { "texture": "#fishing_rod", "uv": [ 4, 7, 11.375, 7.125 ] }
            }
        },
        {
            "name": "handle1",
            "from": [ 12.375, 5, 7.75 ], 
            "to": [ 13.375, 5.5, 8.25 ], 
            "faces": {
                "north": { "texture": "#fishing_rod", "uv": [ 12, 0, 13, 0.5 ] },
                "east": { "texture": "#fishing_rod", "uv": [ 12, 0, 12.5, 0.5 ] },
                "south": { "texture": "#fishing_rod", "uv": [ 12, 0, 13, 0.5 ] },
                "west": { "texture": "#fishing_rod", "uv": [ 12, 0, 12.5, 0.5 ] },
                "down": { "texture": "#fishing_rod", "uv": [ 12, 0, 13, 0.5 ] }
            }
        },
        {
            "name": "handle2",
            "from": [ 11, 3.5, 7.75 ], 
            "to": [ 12, 5.75, 8.25 ], 
            "rotation": { "origin": [ 8, 8, 8 ], "axis": "z", "angle": 22.5 },
            "faces": {
                "north": { "texture": "#fishing_rod", "uv": [ 12, 0, 13, 2.25 ] },
                "east": { "texture": "#fishing_rod", "uv": [ 12, 0, 12.5, 2.25 ] },
                "south": { "texture": "#fishing_rod", "uv": [ 12, 0, 13, 2.25 ] },
                "west": { "texture": "#fishing_rod", "uv": [ 12, 0, 12.5, 2.25 ] }
            }
        },
        {
            "name": "handle3",
            "from": [ 11.625, 8, 7.75 ], 
            "to": [ 11.875, 8.5, 8 ], 
            "rotation": { "origin": [ 8, 8, 8 ], "axis": "z", "angle": -22.5 },
            "faces": {
                "north": { "texture": "#fishing_rod", "uv": [ 12, 0, 12.25, 0.5 ] },
                "east": { "texture": "#fishing_rod", "uv": [ 12, 0, 12.25, 0.5 ] },
                "south": { "texture": "#fishing_rod", "uv": [ 12, 0, 12.25, 0.5 ] },
                "west": { "texture": "#fishing_rod", "uv": [ 12, 0, 12.25, 0.5 ] },
                "down": { "texture": "#fishing_rod", "uv": [ 12, 0, 12.25, 0.25 ] }
            }
        },
        {
            "name": "handle4",
            "from": [ 10, 5.125, 7.75 ], 
            "to": [ 10.25, 6.125, 8.25 ], 
            "rotation": { "origin": [ 8, 8, 8 ], "axis": "z", "angle": 22.5 },
            "faces": {
                "north": { "texture": "#fishing_rod", "uv": [ 12, 0, 12.25, 1 ] },
                "east": { "texture": "#fishing_rod", "uv": [ 12, 0, 12.5, 1 ] },
                "south": { "texture": "#fishing_rod", "uv": [ 13, 0, 13.25, 1 ] },
                "west": { "texture": "#fishing_rod", "uv": [ 12, 0, 12.5, 1 ] }
            }
        },
        {
            "name": "handle5",
            "from": [ 11, 6.125, 7.75 ], 
            "to": [ 12, 6.375, 8.25 ], 
            "faces": {
                "north": { "texture": "#fishing_rod", "uv": [ 12, 0, 13, 0.25 ] },
                "south": { "texture": "#fishing_rod", "uv": [ 12, 0, 13, 0.25 ] },
                "up": { "texture": "#fishing_rod", "uv": [ 12, 0, 13, 0.5 ] },
                "down": { "texture": "#fishing_rod", "uv": [ 11, 0, 12, 0.5 ] }
            }
        },
        {
            "name": "handle6",
            "from": [ 10.125, 3.875, 7.75 ], 
            "to": [ 10.25, 5.125, 8.25 ], 
            "rotation": { "origin": [ 8, 8, 8 ], "axis": "z", "angle": 22.5 },
            "faces": {
                "north": { "texture": "#fishing_rod", "uv": [ 12, 0, 12.125, 1.25 ] },
                "east": { "texture": "#fishing_rod", "uv": [ 12, 0, 12.5, 1.25 ] },
                "south": { "texture": "#fishing_rod", "uv": [ 12, 0, 12.125, 1.25 ] },
                "west": { "texture": "#fishing_rod", "uv": [ 12, 0, 12.5, 1.25 ] }
            }
        },
        {
            "name": "handle7",
            "from": [ 11.5, 5, 7.75 ], 
            "to": [ 12.5, 5.125, 8.25 ], 
            "faces": {
                "north": { "texture": "#fishing_rod", "uv": [ 12, 0, 13, 0.125 ] },
                "south": { "texture": "#fishing_rod", "uv": [ 12, 0, 13, 0.125 ] },
                "west": { "texture": "#fishing_rod", "uv": [ 12, 0, 12.5, 0.125 ] },
                "up": { "texture": "#fishing_rod", "uv": [ 12, 0, 13, 0.5 ] },
                "down": { "texture": "#fishing_rod", "uv": [ 12, 0, 13, 0.5 ] }
            }
        },
        {
            "name": "string1",
            "from": [ 10.875, 8, 7.75 ], 
            "to": [ 11, 8.125, 7.875 ], 
            "faces": {
                "north": { "texture": "#fishing_rod", "uv": [ 12, 0, 12.125, 0.125 ] },
                "east": { "texture": "#fishing_rod", "uv": [ 12, 0, 12.125, 0.125 ] },
                "south": { "texture": "#fishing_rod", "uv": [ 12, 0, 12.125, 0.125 ] },
                "west": { "texture": "#fishing_rod", "uv": [ 12, 0, 12.125, 0.125 ] },
                "up": { "texture": "#fishing_rod", "uv": [ 12, 0, 12.125, 0.125 ] }
            }
        },
        {
            "name": "string2",
            "from": [ 10.875, 8, 8.125 ], 
            "to": [ 11, 8.125, 8.25 ], 
            "faces": {
                "north": { "texture": "#fishing_rod", "uv": [ 12, 0, 12.125, 0.125 ] },
                "east": { "texture": "#fishing_rod", "uv": [ 12, 0, 12.125, 0.125 ] },
                "south": { "texture": "#fishing_rod", "uv": [ 12, 0, 12.125, 0.125 ] },
                "west": { "texture": "#fishing_rod", "uv": [ 12, 0, 12.125, 0.125 ] },
                "up": { "texture": "#fishing_rod", "uv": [ 12, 0, 12.125, 0.125 ] }
            }
        },
        {
            "name": "string3",
            "from": [ 5, 8, 11.25 ], 
            "to": [ 6.5, 8.375, 11.625 ], 
            "rotation": { "origin": [ 8, 8, 8 ], "axis": "y", "angle": -45.0 },
            "faces": {
                "north": { "texture": "#fishing_rod", "uv": [ 12, 0, 13.5, 0.375 ] },
                "east": { "texture": "#fishing_rod", "uv": [ 12, 0, 12.375, 0.375 ] },
                "south": { "texture": "#fishing_rod", "uv": [ 12, 0, 13.5, 0.375 ] },
                "west": { "texture": "#fishing_rod", "uv": [ 12, 0, 12.375, 0.375 ] },
                "up": { "texture": "#fishing_rod", "uv": [ 12, 0, 13.5, 0.375 ] },
                "down": { "texture": "#fishing_rod", "uv": [ 12, 0, 13.5, 0.375 ] }
            }
        },
        {
            "name": "string4",
            "from": [ 4.75, 8, 6.125 ], 
            "to": [ 6, 8.375, 6.5 ], 
            "rotation": { "origin": [ 8, 8, 8 ], "axis": "y", "angle": 45.0 },
            "faces": {
                "north": { "texture": "#fishing_rod", "uv": [ 12, 0, 13.25, 0.375 ] },
                "east": { "texture": "#fishing_rod", "uv": [ 12, 0, 12.375, 0.375 ] },
                "south": { "texture": "#fishing_rod", "uv": [ 12, 0, 13.25, 0.375 ] },
                "up": { "texture": "#fishing_rod", "uv": [ 12, 0, 13.25, 0.375 ] },
                "down": { "texture": "#fishing_rod", "uv": [ 12, 0, 13.25, 0.375 ] }
            }
        },
        {
            "name": "string5",
            "from": [ 5, 8, 4.25 ], 
            "to": [ 6.5, 8.375, 4.625 ], 
            "rotation": { "origin": [ 8, 8, 8 ], "axis": "y", "angle": 45.0 },
            "faces": {
                "north": { "texture": "#fishing_rod", "uv": [ 12, 0, 13.5, 0.375 ] },
                "east": { "texture": "#fishing_rod", "uv": [ 12, 0, 12.375, 0.375 ] },
                "south": { "texture": "#fishing_rod", "uv": [ 12, 0, 13.5, 0.375 ] },
                "west": { "texture": "#fishing_rod", "uv": [ 12, 0, 12.375, 0.375 ] },
                "up": { "texture": "#fishing_rod", "uv": [ 12, 0, 13.5, 0.375 ] },
                "down": { "texture": "#fishing_rod", "uv": [ 12, 0, 13.5, 0.375 ] }
            }
        },
        {
            "name": "string6",
            "from": [ 4.625, 8, 9.5 ], 
            "to": [ 5.875, 8.375, 9.875 ], 
            "rotation": { "origin": [ 8, 8, 8 ], "axis": "y", "angle": -45.0 },
            "faces": {
                "north": { "texture": "#fishing_rod", "uv": [ 12, 0, 13.25, 0.375 ] },
                "east": { "texture": "#fishing_rod", "uv": [ 12, 0, 12.375, 0.375 ] },
                "south": { "texture": "#fishing_rod", "uv": [ 12, 0, 13.25, 0.375 ] },
                "up": { "texture": "#fishing_rod", "uv": [ 12, 0, 13.25, 0.375 ] },
                "down": { "texture": "#fishing_rod", "uv": [ 12, 0, 13.25, 0.375 ] }
            }
        },
        {
            "name": "string7",
            "from": [ 5.25, 8, 7.5 ], 
            "to": [ 5.375, 8.125, 8.25 ], 
            "faces": {
                "east": { "texture": "#fishing_rod", "uv": [ 0, 4, 0.75, 4.125 ] },
                "west": { "texture": "#fishing_rod", "uv": [ 0, 4, 0.75, 4.125 ] },
                "up": { "texture": "#fishing_rod", "uv": [ 0, 4, 0.125, 4.75 ] }
            }
        }
    ]
}