{
	"texture_size": [128, 128],
	"textures": {
		"0": "minecraft:optifine/cit/icons/new_default+_dungeons/icons_melee/ember_mallet",
		"particle": "minecraft:optifine/cit/icons/new_default+_dungeons/icons_melee/ember_mallet"
	},
	"elements": [
		{
			"from": [7.5, 0, 0],
			"to": [8.5, 2, 3],
			"faces": {
				"north": {"uv": [0.375, 1, 0.5, 1.25], "texture": "#0"},
				"east": {"uv": [0, 1, 0.375, 1.25], "texture": "#0"},
				"south": {"uv": [0.875, 1, 1, 1.25], "texture": "#0"},
				"west": {"uv": [0.5, 1, 0.875, 1.25], "texture": "#0"},
				"up": {"uv": [0.5, 1, 0.375, 0.625], "texture": "#0"},
				"down": {"uv": [0.625, 0.625, 0.5, 1], "texture": "#0"}
			}
		},
		{
			"from": [7.5, 5, 4],
			"to": [8.5, 6, 7],
			"rotation": {"angle": 0, "axis": "y", "origin": [8, 13, 12]},
			"faces": {
				"north": {"uv": [3.375, 4.875, 3.5, 5], "texture": "#0"},
				"east": {"uv": [3, 4.875, 3.375, 5], "texture": "#0"},
				"south": {"uv": [3.875, 4.875, 4, 5], "texture": "#0"},
				"west": {"uv": [3.5, 4.875, 3.875, 5], "texture": "#0"},
				"up": {"uv": [3.5, 4.875, 3.375, 4.5], "texture": "#0"},
				"down": {"uv": [3.625, 4.5, 3.5, 4.875], "texture": "#0"}
			}
		},
		{
			"from": [7.5, 6, 5],
			"to": [8.5, 7, 8],
			"rotation": {"angle": 0, "axis": "y", "origin": [8, 14, 13]},
			"faces": {
				"north": {"uv": [2.375, 4.875, 2.5, 5], "texture": "#0"},
				"east": {"uv": [2, 4.875, 2.375, 5], "texture": "#0"},
				"south": {"uv": [2.875, 4.875, 3, 5], "texture": "#0"},
				"west": {"uv": [2.5, 4.875, 2.875, 5], "texture": "#0"},
				"up": {"uv": [2.5, 4.875, 2.375, 4.5], "texture": "#0"},
				"down": {"uv": [2.625, 4.5, 2.5, 4.875], "texture": "#0"}
			}
		},
		{
			"from": [7.5, 7, 6],
			"to": [8.5, 8, 9],
			"rotation": {"angle": 0, "axis": "y", "origin": [8, 15, 14]},
			"faces": {
				"north": {"uv": [0.375, 4.875, 0.5, 5], "texture": "#0"},
				"east": {"uv": [0, 4.875, 0.375, 5], "texture": "#0"},
				"south": {"uv": [0.875, 4.875, 1, 5], "texture": "#0"},
				"west": {"uv": [0.5, 4.875, 0.875, 5], "texture": "#0"},
				"up": {"uv": [0.5, 4.875, 0.375, 4.5], "texture": "#0"},
				"down": {"uv": [0.625, 4.5, 0.5, 4.875], "texture": "#0"}
			}
		},
		{
			"from": [7.5, 8, 7],
			"to": [8.5, 9, 10],
			"rotation": {"angle": 0, "axis": "y", "origin": [8, 16, 15]},
			"faces": {
				"north": {"uv": [4.625, 3.875, 4.75, 4], "texture": "#0"},
				"east": {"uv": [4.25, 3.875, 4.625, 4], "texture": "#0"},
				"south": {"uv": [5.125, 3.875, 5.25, 4], "texture": "#0"},
				"west": {"uv": [4.75, 3.875, 5.125, 4], "texture": "#0"},
				"up": {"uv": [4.75, 3.875, 4.625, 3.5], "texture": "#0"},
				"down": {"uv": [4.875, 3.5, 4.75, 3.875], "texture": "#0"}
			}
		},
		{
			"from": [7.5, 9, 8],
			"to": [8.5, 10, 11],
			"rotation": {"angle": 0, "axis": "y", "origin": [8, 17, 16]},
			"faces": {
				"north": {"uv": [4.625, 3.375, 4.75, 3.5], "texture": "#0"},
				"east": {"uv": [4.25, 3.375, 4.625, 3.5], "texture": "#0"},
				"south": {"uv": [5.125, 3.375, 5.25, 3.5], "texture": "#0"},
				"west": {"uv": [4.75, 3.375, 5.125, 3.5], "texture": "#0"},
				"up": {"uv": [4.75, 3.375, 4.625, 3], "texture": "#0"},
				"down": {"uv": [4.875, 3, 4.75, 3.375], "texture": "#0"}
			}
		},
		{
			"from": [7.5, 10, 9],
			"to": [8.5, 11, 12],
			"rotation": {"angle": 0, "axis": "y", "origin": [8, 18, 17]},
			"faces": {
				"north": {"uv": [4.625, 2.875, 4.75, 3], "texture": "#0"},
				"east": {"uv": [4.25, 2.875, 4.625, 3], "texture": "#0"},
				"south": {"uv": [5.125, 2.875, 5.25, 3], "texture": "#0"},
				"west": {"uv": [4.75, 2.875, 5.125, 3], "texture": "#0"},
				"up": {"uv": [4.75, 2.875, 4.625, 2.5], "texture": "#0"},
				"down": {"uv": [4.875, 2.5, 4.75, 2.875], "texture": "#0"}
			}
		},
		{
			"from": [7.5, 11, 10],
			"to": [8.5, 12, 13],
			"rotation": {"angle": 0, "axis": "y", "origin": [8, 19, 18]},
			"faces": {
				"north": {"uv": [3.25, 4, 3.375, 4.125], "texture": "#0"},
				"east": {"uv": [2.875, 4, 3.25, 4.125], "texture": "#0"},
				"south": {"uv": [3.75, 4, 3.875, 4.125], "texture": "#0"},
				"west": {"uv": [3.375, 4, 3.75, 4.125], "texture": "#0"},
				"up": {"uv": [3.375, 4, 3.25, 3.625], "texture": "#0"},
				"down": {"uv": [3.5, 3.625, 3.375, 4], "texture": "#0"}
			}
		},
		{
			"from": [7.5, 12, 11],
			"to": [8.5, 13, 13],
			"rotation": {"angle": 0, "axis": "y", "origin": [8, 20, 19]},
			"faces": {
				"north": {"uv": [0.875, 0.875, 1, 1], "texture": "#0"},
				"east": {"uv": [0.625, 0.875, 0.875, 1], "texture": "#0"},
				"south": {"uv": [1.25, 0.875, 1.375, 1], "texture": "#0"},
				"west": {"uv": [1, 0.875, 1.25, 1], "texture": "#0"},
				"up": {"uv": [1, 0.875, 0.875, 0.625], "texture": "#0"},
				"down": {"uv": [1.125, 0.625, 1, 0.875], "texture": "#0"}
			}
		},
		{
			"from": [7.5, 3, 2],
			"to": [8.5, 4, 5],
			"rotation": {"angle": 0, "axis": "y", "origin": [8, 11, 10]},
			"faces": {
				"north": {"uv": [1.375, 4, 1.5, 4.125], "texture": "#0"},
				"east": {"uv": [1, 4, 1.375, 4.125], "texture": "#0"},
				"south": {"uv": [1.875, 4, 2, 4.125], "texture": "#0"},
				"west": {"uv": [1.5, 4, 1.875, 4.125], "texture": "#0"},
				"up": {"uv": [1.5, 4, 1.375, 3.625], "texture": "#0"},
				"down": {"uv": [1.625, 3.625, 1.5, 4], "texture": "#0"}
			}
		},
		{
			"from": [7.5, 4, 3],
			"to": [8.5, 5, 6],
			"rotation": {"angle": 0, "axis": "y", "origin": [8, 12, 11]},
			"faces": {
				"north": {"uv": [0.375, 4, 0.5, 4.125], "texture": "#0"},
				"east": {"uv": [0, 4, 0.375, 4.125], "texture": "#0"},
				"south": {"uv": [0.875, 4, 1, 4.125], "texture": "#0"},
				"west": {"uv": [0.5, 4, 0.875, 4.125], "texture": "#0"},
				"up": {"uv": [0.5, 4, 0.375, 3.625], "texture": "#0"},
				"down": {"uv": [0.625, 3.625, 0.5, 4], "texture": "#0"}
			}
		},
		{
			"from": [7.5, 2, 0],
			"to": [8.5, 3, 4],
			"rotation": {"angle": 0, "axis": "y", "origin": [8, 10, 9]},
			"faces": {
				"north": {"uv": [0.5, 0.5, 0.625, 0.625], "texture": "#0"},
				"east": {"uv": [0, 0.5, 0.5, 0.625], "texture": "#0"},
				"south": {"uv": [1.125, 0.5, 1.25, 0.625], "texture": "#0"},
				"west": {"uv": [0.625, 0.5, 1.125, 0.625], "texture": "#0"},
				"up": {"uv": [0.625, 0.5, 0.5, 0], "texture": "#0"},
				"down": {"uv": [0.75, 0, 0.625, 0.5], "texture": "#0"}
			}
		},
		{
			"from": [4.5, 5.4, 8.6],
			"to": [11.5, 12.4, 20.6],
			"rotation": {"angle": 45, "axis": "x", "origin": [14, 12, 21]},
			"faces": {
				"north": {"uv": [1.5, 1.5, 2.375, 2.375], "texture": "#0"},
				"east": {"uv": [0, 1.5, 1.5, 2.375], "texture": "#0"},
				"south": {"uv": [3.875, 1.5, 4.75, 2.375], "texture": "#0"},
				"west": {"uv": [2.375, 1.5, 3.875, 2.375], "texture": "#0"},
				"up": {"uv": [2.375, 1.5, 1.5, 0], "texture": "#0"},
				"down": {"uv": [3.25, 0, 2.375, 1.5], "texture": "#0"}
			}
		},
		{
			"from": [5.5, 10.4, 7.6],
			"to": [6.5, 11.4, 21.6],
			"rotation": {"angle": 45, "axis": "x", "origin": [14, 12, 21]},
			"faces": {
				"north": {"uv": [8, 1.75, 8.125, 1.875], "texture": "#0"},
				"east": {"uv": [6.25, 1.75, 8, 1.875], "texture": "#0"},
				"south": {"uv": [9.875, 1.75, 10, 1.875], "texture": "#0"},
				"west": {"uv": [8.125, 1.75, 9.875, 1.875], "texture": "#0"},
				"up": {"uv": [8.125, 1.75, 8, 0], "texture": "#0"},
				"down": {"uv": [8.25, 0, 8.125, 1.75], "texture": "#0"}
			}
		},
		{
			"from": [7.5, 10.4, 7.6],
			"to": [8.5, 11.4, 21.6],
			"rotation": {"angle": 45, "axis": "x", "origin": [16, 12, 21]},
			"faces": {
				"north": {"uv": [3.75, 7.875, 3.875, 8], "texture": "#0"},
				"east": {"uv": [2, 7.875, 3.75, 8], "texture": "#0"},
				"south": {"uv": [5.625, 7.875, 5.75, 8], "texture": "#0"},
				"west": {"uv": [3.875, 7.875, 5.625, 8], "texture": "#0"},
				"up": {"uv": [3.875, 7.875, 3.75, 6.125], "texture": "#0"},
				"down": {"uv": [4, 6.125, 3.875, 7.875], "texture": "#0"}
			}
		},
		{
			"from": [9.5, 10.4, 7.6],
			"to": [10.5, 11.4, 21.6],
			"rotation": {"angle": 45, "axis": "x", "origin": [16, 12, 21]},
			"faces": {
				"north": {"uv": [6.25, 4.25, 6.375, 4.375], "texture": "#0"},
				"east": {"uv": [4.5, 4.25, 6.25, 4.375], "texture": "#0"},
				"south": {"uv": [8.125, 4.25, 8.25, 4.375], "texture": "#0"},
				"west": {"uv": [6.375, 4.25, 8.125, 4.375], "texture": "#0"},
				"up": {"uv": [6.375, 4.25, 6.25, 2.5], "texture": "#0"},
				"down": {"uv": [6.5, 2.5, 6.375, 4.25], "texture": "#0"}
			}
		},
		{
			"from": [9.5, 8.4, 7.6],
			"to": [10.5, 9.4, 21.6],
			"rotation": {"angle": 45, "axis": "x", "origin": [16, 12, 21]},
			"faces": {
				"north": {"uv": [6.25, 6.25, 6.375, 6.375], "texture": "#0"},
				"east": {"uv": [4.5, 6.25, 6.25, 6.375], "texture": "#0"},
				"south": {"uv": [8.125, 6.25, 8.25, 6.375], "texture": "#0"},
				"west": {"uv": [6.375, 6.25, 8.125, 6.375], "texture": "#0"},
				"up": {"uv": [6.375, 6.25, 6.25, 4.5], "texture": "#0"},
				"down": {"uv": [6.5, 4.5, 6.375, 6.25], "texture": "#0"}
			}
		},
		{
			"from": [7.5, 8.4, 6.6],
			"to": [8.5, 9.4, 22.6],
			"rotation": {"angle": 45, "axis": "x", "origin": [16, 12, 21]},
			"faces": {
				"north": {"uv": [2, 4.375, 2.125, 4.5], "texture": "#0"},
				"east": {"uv": [0, 4.375, 2, 4.5], "texture": "#0"},
				"south": {"uv": [4.125, 4.375, 4.25, 4.5], "texture": "#0"},
				"west": {"uv": [2.125, 4.375, 4.125, 4.5], "texture": "#0"},
				"up": {"uv": [2.125, 4.375, 2, 2.375], "texture": "#0"},
				"down": {"uv": [2.25, 2.375, 2.125, 4.375], "texture": "#0"}
			}
		},
		{
			"from": [5.5, 8.4, 7.6],
			"to": [6.5, 9.4, 21.6],
			"rotation": {"angle": 45, "axis": "x", "origin": [16, 12, 21]},
			"faces": {
				"north": {"uv": [1.75, 6.25, 1.875, 6.375], "texture": "#0"},
				"east": {"uv": [0, 6.25, 1.75, 6.375], "texture": "#0"},
				"south": {"uv": [3.625, 6.25, 3.75, 6.375], "texture": "#0"},
				"west": {"uv": [1.875, 6.25, 3.625, 6.375], "texture": "#0"},
				"up": {"uv": [1.875, 6.25, 1.75, 4.5], "texture": "#0"},
				"down": {"uv": [2, 4.5, 1.875, 6.25], "texture": "#0"}
			}
		},
		{
			"from": [5.5, 6.4, 7.6],
			"to": [6.5, 7.4, 21.6],
			"rotation": {"angle": 45, "axis": "x", "origin": [16, 12, 21]},
			"faces": {
				"north": {"uv": [6, 2.375, 6.125, 2.5], "texture": "#0"},
				"east": {"uv": [4.25, 2.375, 6, 2.5], "texture": "#0"},
				"south": {"uv": [7.875, 2.375, 8, 2.5], "texture": "#0"},
				"west": {"uv": [6.125, 2.375, 7.875, 2.5], "texture": "#0"},
				"up": {"uv": [6.125, 2.375, 6, 0.625], "texture": "#0"},
				"down": {"uv": [6.25, 0.625, 6.125, 2.375], "texture": "#0"}
			}
		},
		{
			"from": [7.5, 6.4, 7.6],
			"to": [8.5, 7.4, 21.6],
			"rotation": {"angle": 45, "axis": "x", "origin": [16, 12, 21]},
			"faces": {
				"north": {"uv": [4.25, 6, 4.375, 6.125], "texture": "#0"},
				"east": {"uv": [2.5, 6, 4.25, 6.125], "texture": "#0"},
				"south": {"uv": [6.125, 6, 6.25, 6.125], "texture": "#0"},
				"west": {"uv": [4.375, 6, 6.125, 6.125], "texture": "#0"},
				"up": {"uv": [4.375, 6, 4.25, 4.25], "texture": "#0"},
				"down": {"uv": [4.5, 4.25, 4.375, 6], "texture": "#0"}
			}
		},
		{
			"from": [9.5, 6.4, 7.6],
			"to": [10.5, 7.4, 21.6],
			"rotation": {"angle": 45, "axis": "x", "origin": [16, 12, 21]},
			"faces": {
				"north": {"uv": [4, 4.125, 4.125, 4.25], "texture": "#0"},
				"east": {"uv": [2.25, 4.125, 4, 4.25], "texture": "#0"},
				"south": {"uv": [5.875, 4.125, 6, 4.25], "texture": "#0"},
				"west": {"uv": [4.125, 4.125, 5.875, 4.25], "texture": "#0"},
				"up": {"uv": [4.125, 4.125, 4, 2.375], "texture": "#0"},
				"down": {"uv": [4.25, 2.375, 4.125, 4.125], "texture": "#0"}
			}
		},
		{
			"from": [3.5, 8.4, 9.6],
			"to": [12.5, 9.4, 10.6],
			"rotation": {"angle": 45, "axis": "x", "origin": [16, 12, 21]},
			"faces": {
				"north": {"uv": [3.375, 1.375, 4.5, 1.5], "texture": "#0"},
				"east": {"uv": [3.25, 1.375, 3.375, 1.5], "texture": "#0"},
				"south": {"uv": [4.625, 1.375, 5.75, 1.5], "texture": "#0"},
				"west": {"uv": [4.5, 1.375, 4.625, 1.5], "texture": "#0"},
				"up": {"uv": [4.5, 1.375, 3.375, 1.25], "texture": "#0"},
				"down": {"uv": [5.625, 1.25, 4.5, 1.375], "texture": "#0"}
			}
		},
		{
			"from": [3.5, 10.4, 9.6],
			"to": [12.5, 11.4, 10.6],
			"rotation": {"angle": 45, "axis": "x", "origin": [16, 12, 21]},
			"faces": {
				"north": {"uv": [3.375, 1.125, 4.5, 1.25], "texture": "#0"},
				"east": {"uv": [3.25, 1.125, 3.375, 1.25], "texture": "#0"},
				"south": {"uv": [4.625, 1.125, 5.75, 1.25], "texture": "#0"},
				"west": {"uv": [4.5, 1.125, 4.625, 1.25], "texture": "#0"},
				"up": {"uv": [4.5, 1.125, 3.375, 1], "texture": "#0"},
				"down": {"uv": [5.625, 1, 4.5, 1.125], "texture": "#0"}
			}
		},
		{
			"from": [3.5, 6.4, 9.6],
			"to": [12.5, 7.4, 10.6],
			"rotation": {"angle": 45, "axis": "x", "origin": [16, 12, 21]},
			"faces": {
				"north": {"uv": [3.375, 0.875, 4.5, 1], "texture": "#0"},
				"east": {"uv": [3.25, 0.875, 3.375, 1], "texture": "#0"},
				"south": {"uv": [4.625, 0.875, 5.75, 1], "texture": "#0"},
				"west": {"uv": [4.5, 0.875, 4.625, 1], "texture": "#0"},
				"up": {"uv": [4.5, 0.875, 3.375, 0.75], "texture": "#0"},
				"down": {"uv": [5.625, 0.75, 4.5, 0.875], "texture": "#0"}
			}
		},
		{
			"from": [3.5, 6.4, 18.6],
			"to": [12.5, 7.4, 19.6],
			"rotation": {"angle": 45, "axis": "x", "origin": [16, 12, 21]},
			"faces": {
				"north": {"uv": [3.375, 0.625, 4.5, 0.75], "texture": "#0"},
				"east": {"uv": [3.25, 0.625, 3.375, 0.75], "texture": "#0"},
				"south": {"uv": [4.625, 0.625, 5.75, 0.75], "texture": "#0"},
				"west": {"uv": [4.5, 0.625, 4.625, 0.75], "texture": "#0"},
				"up": {"uv": [4.5, 0.625, 3.375, 0.5], "texture": "#0"},
				"down": {"uv": [5.625, 0.5, 4.5, 0.625], "texture": "#0"}
			}
		},
		{
			"from": [3.5, 8.4, 18.6],
			"to": [12.5, 9.4, 19.6],
			"rotation": {"angle": 45, "axis": "x", "origin": [16, 12, 21]},
			"faces": {
				"north": {"uv": [3.375, 0.375, 4.5, 0.5], "texture": "#0"},
				"east": {"uv": [3.25, 0.375, 3.375, 0.5], "texture": "#0"},
				"south": {"uv": [4.625, 0.375, 5.75, 0.5], "texture": "#0"},
				"west": {"uv": [4.5, 0.375, 4.625, 0.5], "texture": "#0"},
				"up": {"uv": [4.5, 0.375, 3.375, 0.25], "texture": "#0"},
				"down": {"uv": [5.625, 0.25, 4.5, 0.375], "texture": "#0"}
			}
		},
		{
			"from": [3.5, 10.4, 18.6],
			"to": [12.5, 11.4, 19.6],
			"rotation": {"angle": 45, "axis": "x", "origin": [16, 12, 21]},
			"faces": {
				"north": {"uv": [3.375, 0.125, 4.5, 0.25], "texture": "#0"},
				"east": {"uv": [3.25, 0.125, 3.375, 0.25], "texture": "#0"},
				"south": {"uv": [4.625, 0.125, 5.75, 0.25], "texture": "#0"},
				"west": {"uv": [4.5, 0.125, 4.625, 0.25], "texture": "#0"},
				"up": {"uv": [4.5, 0.125, 3.375, 0], "texture": "#0"},
				"down": {"uv": [5.625, 0, 4.5, 0.125], "texture": "#0"}
			}
		},
		{
			"from": [9.5, 4.4, 18.6],
			"to": [10.5, 13.4, 19.6],
			"rotation": {"angle": 45, "axis": "x", "origin": [16, 12, 21]},
			"faces": {
				"north": {"uv": [2.875, 2.875, 3, 4], "texture": "#0"},
				"east": {"uv": [2.75, 2.875, 2.875, 4], "texture": "#0"},
				"south": {"uv": [3.125, 2.875, 3.25, 4], "texture": "#0"},
				"west": {"uv": [3, 2.875, 3.125, 4], "texture": "#0"},
				"up": {"uv": [3, 2.875, 2.875, 2.75], "texture": "#0"},
				"down": {"uv": [3.125, 2.75, 3, 2.875], "texture": "#0"}
			}
		},
		{
			"from": [7.5, 4.4, 18.6],
			"to": [8.5, 13.4, 19.6],
			"rotation": {"angle": 45, "axis": "x", "origin": [16, 12, 21]},
			"faces": {
				"north": {"uv": [2.375, 2.5, 2.5, 3.625], "texture": "#0"},
				"east": {"uv": [2.25, 2.5, 2.375, 3.625], "texture": "#0"},
				"south": {"uv": [2.625, 2.5, 2.75, 3.625], "texture": "#0"},
				"west": {"uv": [2.5, 2.5, 2.625, 3.625], "texture": "#0"},
				"up": {"uv": [2.5, 2.5, 2.375, 2.375], "texture": "#0"},
				"down": {"uv": [2.625, 2.375, 2.5, 2.5], "texture": "#0"}
			}
		},
		{
			"from": [5.5, 4.4, 18.6],
			"to": [6.5, 13.4, 19.6],
			"rotation": {"angle": 45, "axis": "x", "origin": [16, 12, 21]},
			"faces": {
				"north": {"uv": [1.625, 2.5, 1.75, 3.625], "texture": "#0"},
				"east": {"uv": [1.5, 2.5, 1.625, 3.625], "texture": "#0"},
				"south": {"uv": [1.875, 2.5, 2, 3.625], "texture": "#0"},
				"west": {"uv": [1.75, 2.5, 1.875, 3.625], "texture": "#0"},
				"up": {"uv": [1.75, 2.5, 1.625, 2.375], "texture": "#0"},
				"down": {"uv": [1.875, 2.375, 1.75, 2.5], "texture": "#0"}
			}
		},
		{
			"from": [5.5, 4.4, 9.6],
			"to": [6.5, 13.4, 10.6],
			"rotation": {"angle": 45, "axis": "x", "origin": [16, 12, 21]},
			"faces": {
				"north": {"uv": [1.125, 2.5, 1.25, 3.625], "texture": "#0"},
				"east": {"uv": [1, 2.5, 1.125, 3.625], "texture": "#0"},
				"south": {"uv": [1.375, 2.5, 1.5, 3.625], "texture": "#0"},
				"west": {"uv": [1.25, 2.5, 1.375, 3.625], "texture": "#0"},
				"up": {"uv": [1.25, 2.5, 1.125, 2.375], "texture": "#0"},
				"down": {"uv": [1.375, 2.375, 1.25, 2.5], "texture": "#0"}
			}
		},
		{
			"from": [7.5, 4.4, 9.6],
			"to": [8.5, 13.4, 10.6],
			"rotation": {"angle": 45, "axis": "x", "origin": [16, 12, 21]},
			"faces": {
				"north": {"uv": [0.625, 2.5, 0.75, 3.625], "texture": "#0"},
				"east": {"uv": [0.5, 2.5, 0.625, 3.625], "texture": "#0"},
				"south": {"uv": [0.875, 2.5, 1, 3.625], "texture": "#0"},
				"west": {"uv": [0.75, 2.5, 0.875, 3.625], "texture": "#0"},
				"up": {"uv": [0.75, 2.5, 0.625, 2.375], "texture": "#0"},
				"down": {"uv": [0.875, 2.375, 0.75, 2.5], "texture": "#0"}
			}
		},
		{
			"from": [9.5, 4.4, 9.6],
			"to": [10.5, 13.4, 10.6],
			"rotation": {"angle": 45, "axis": "x", "origin": [16, 12, 21]},
			"faces": {
				"north": {"uv": [0.125, 2.5, 0.25, 3.625], "texture": "#0"},
				"east": {"uv": [0, 2.5, 0.125, 3.625], "texture": "#0"},
				"south": {"uv": [0.375, 2.5, 0.5, 3.625], "texture": "#0"},
				"west": {"uv": [0.25, 2.5, 0.375, 3.625], "texture": "#0"},
				"up": {"uv": [0.25, 2.5, 0.125, 2.375], "texture": "#0"},
				"down": {"uv": [0.375, 2.375, 0.25, 2.5], "texture": "#0"}
			}
		},
		{
			"from": [6.5, 1, 1],
			"to": [9.5, 2, 2],
			"rotation": {"angle": 0, "axis": "y", "origin": [8, 9, 8]},
			"faces": {
				"north": {"uv": [0.125, 1.375, 0.5, 1.5], "texture": "#0"},
				"east": {"uv": [0, 1.375, 0.125, 1.5], "texture": "#0"},
				"south": {"uv": [0.625, 1.375, 1, 1.5], "texture": "#0"},
				"west": {"uv": [0.5, 1.375, 0.625, 1.5], "texture": "#0"},
				"up": {"uv": [0.5, 1.375, 0.125, 1.25], "texture": "#0"},
				"down": {"uv": [0.875, 1.25, 0.5, 1.375], "texture": "#0"}
			}
		}
	],
	"gui_light": "front",
	"display": {
		"thirdperson_righthand": {
			"rotation": [-45, 0, 0],
			"translation": [0, 0.15, 1.5]
		},
		"thirdperson_lefthand": {
			"rotation": [-45, 0, 0],
			"translation": [0, 0.15, 1.5]
		},
		"firstperson_righthand": {
			"rotation": [-20, 0, 0],
			"translation": [5, 0, -2]
		},
		"firstperson_lefthand": {
			"rotation": [-20, 0, 0],
			"translation": [5, 0, -2]
		},
		"ground": {
			"translation": [0, 3.25, 0],
			"scale": [0.5, 0.5, 0.5]
		},
		"gui": {
			"rotation": [0, 90, 0],
			"translation": [-1.75, -1.75, 0],
			"scale": [0.8, 0.8, 0.8]
		},
		"head": {
			"rotation": [0, 90, 0],
			"translation": [-9.75, 2.25, 0]
		},
		"fixed": {
			"rotation": [0, -90, 0],
			"translation": [2, -2, 0]
		}
	},
	"groups": [
		{
			"name": "ember_mallet",
			"origin": [8, 8, 8],
			"children": [
				{
					"name": "stick",
					"origin": [8, 8, 8],
					"children": [0, 1, 2, 3, 4, 5, 6, 7, 8, 9, 10, 11]
				},
				{
					"name": "head",
					"origin": [9, 15, 16],
					"children": [12]
				},
				{
					"name": "thorns",
					"origin": [8, 8, 8],
					"children": [13, 14, 15, 16, 17, 18, 19, 20, 21, 22, 23, 24, 25, 26, 27, 28, 29, 30, 31, 32, 33, 34]
				}
			]
		}
	]
}