{
  "parent": "item/generated",
  "display": {
    "gui": {
      "rotation": [ 0, 0, 0 ],
      "translation": [ 0, -1, 0 ],
      "scale":[ 1.25, 1.25, 0.80 ]
    },
    "ground": {
      "translation": [ 0, 2, 0 ],
      "scale": [ 0.9, 0.9, 0.80 ]
    },
    "head": {
      "rotation": [ 0, 0, 0 ],
      "translation": [ 0, 0, 0],
      "scale":[ 5, 5, 5 ]
    },
    "thirdperson_righthand": {
      "rotation": [ 0, -90, 55 ],
      "translation": [ 0, 4.0, 0.5 ],
      "scale": [ 1.50, 1.50, 1.50 ]
    },
    "thirdperson_lefthand": {
      "rotation": [ 0, 90, -55 ],
      "translation": [ 0, 4.0, 0.5 ],
      "scale": [ 1.50, 1.50, 1.50 ]
    },
    "firstperson_righthand": {
      "rotation": [ 0, -90, 25 ],
      "translation": [ 1.13, 3.2, 1.13 ],
      "scale": [ 1.16, 1.16, 1.16 ]
    },
    "firstperson_lefthand": {
      "rotation": [ 0, 90, -25 ],
      "translation": [ 1.13, 3.2, 1.13 ],
      "scale": [ 1.16, 1.16, 1.16 ]
    },
    "fixed": {
      "rotation": [ 0, 180, 0 ],
      "scale": [ 1.9, 1.9, 1.8 ]
    }
  }
}