{
	"texture_size": [64, 64],
	"textures": {
		"0": "minecraft:optifine/cit/icons/new_default+_dungeons/icons_melee/geode_gavel",
		"particle": "minecraft:optifine/cit/icons/new_default+_dungeons/icons_melee/geode_gavel"
	},
	"elements": [
		{
			"from": [7.5, 5, 2],
			"to": [8.5, 6, 5],
			"rotation": {"angle": 0, "axis": "y", "origin": [8, 13, 10]},
			"faces": {
				"north": {"uv": [8, 8.75, 8.25, 9], "texture": "#0"},
				"east": {"uv": [7.25, 8.75, 8, 9], "texture": "#0"},
				"south": {"uv": [9, 8.75, 9.25, 9], "texture": "#0"},
				"west": {"uv": [8.25, 8.75, 9, 9], "texture": "#0"},
				"up": {"uv": [8.25, 8.75, 8, 8], "texture": "#0"},
				"down": {"uv": [8.5, 8, 8.25, 8.75], "texture": "#0"}
			}
		},
		{
			"from": [7.5, 6, 3],
			"to": [8.5, 7, 6],
			"rotation": {"angle": 0, "axis": "y", "origin": [8, 14, 11]},
			"faces": {
				"north": {"uv": [4.25, 8.75, 4.5, 9], "texture": "#0"},
				"east": {"uv": [3.5, 8.75, 4.25, 9], "texture": "#0"},
				"south": {"uv": [5.25, 8.75, 5.5, 9], "texture": "#0"},
				"west": {"uv": [4.5, 8.75, 5.25, 9], "texture": "#0"},
				"up": {"uv": [4.5, 8.75, 4.25, 8], "texture": "#0"},
				"down": {"uv": [4.75, 8, 4.5, 8.75], "texture": "#0"}
			}
		},
		{
			"from": [7.5, 7, 4],
			"to": [8.5, 8, 7],
			"rotation": {"angle": 0, "axis": "y", "origin": [8, 15, 12]},
			"faces": {
				"north": {"uv": [8.5, 6.5, 8.75, 6.75], "texture": "#0"},
				"east": {"uv": [7.75, 6.5, 8.5, 6.75], "texture": "#0"},
				"south": {"uv": [9.5, 6.5, 9.75, 6.75], "texture": "#0"},
				"west": {"uv": [8.75, 6.5, 9.5, 6.75], "texture": "#0"},
				"up": {"uv": [8.75, 6.5, 8.5, 5.75], "texture": "#0"},
				"down": {"uv": [9, 5.75, 8.75, 6.5], "texture": "#0"}
			}
		},
		{
			"from": [7.5, 8, 3],
			"to": [8.5, 9, 10],
			"rotation": {"angle": 0, "axis": "y", "origin": [8, 16, 13]},
			"faces": {
				"north": {"uv": [6.75, 1.75, 7, 2], "texture": "#0"},
				"east": {"uv": [5, 1.75, 6.75, 2], "texture": "#0"},
				"south": {"uv": [8.75, 1.75, 9, 2], "texture": "#0"},
				"west": {"uv": [7, 1.75, 8.75, 2], "texture": "#0"},
				"up": {"uv": [7, 1.75, 6.75, 0], "texture": "#0"},
				"down": {"uv": [7.25, 0, 7, 1.75], "texture": "#0"}
			}
		},
		{
			"from": [7.5, 7, 8],
			"to": [8.5, 8, 10],
			"rotation": {"angle": 0, "axis": "y", "origin": [8, 15, 16]},
			"faces": {
				"north": {"uv": [5.75, 0.5, 6, 0.75], "texture": "#0"},
				"east": {"uv": [5.25, 0.5, 5.75, 0.75], "texture": "#0"},
				"south": {"uv": [6.5, 0.5, 6.75, 0.75], "texture": "#0"},
				"west": {"uv": [6, 0.5, 6.5, 0.75], "texture": "#0"},
				"up": {"uv": [6, 0.5, 5.75, 0], "texture": "#0"},
				"down": {"uv": [6.25, 0, 6, 0.5], "texture": "#0"}
			}
		},
		{
			"from": [7.5, 6, 9],
			"to": [8.5, 7, 10],
			"rotation": {"angle": 0, "axis": "y", "origin": [8, 14, 16]},
			"faces": {
				"north": {"uv": [8.25, 4.5, 8.5, 4.75], "texture": "#0"},
				"east": {"uv": [8, 4.5, 8.25, 4.75], "texture": "#0"},
				"south": {"uv": [8.75, 4.5, 9, 4.75], "texture": "#0"},
				"west": {"uv": [8.5, 4.5, 8.75, 4.75], "texture": "#0"},
				"up": {"uv": [8.5, 4.5, 8.25, 4.25], "texture": "#0"},
				"down": {"uv": [8.75, 4.25, 8.5, 4.5], "texture": "#0"}
			}
		},
		{
			"from": [7.5, 9, 4],
			"to": [8.5, 10, 5],
			"rotation": {"angle": 0, "axis": "y", "origin": [8, 17, 11]},
			"faces": {
				"north": {"uv": [6, 8.25, 6.25, 8.5], "texture": "#0"},
				"east": {"uv": [5.75, 8.25, 6, 8.5], "texture": "#0"},
				"south": {"uv": [6.5, 8.25, 6.75, 8.5], "texture": "#0"},
				"west": {"uv": [6.25, 8.25, 6.5, 8.5], "texture": "#0"},
				"up": {"uv": [6.25, 8.25, 6, 8], "texture": "#0"},
				"down": {"uv": [6.5, 8, 6.25, 8.25], "texture": "#0"}
			}
		},
		{
			"from": [7.5, 9, 6],
			"to": [8.5, 10, 9],
			"rotation": {"angle": 0, "axis": "y", "origin": [8, 17, 14]},
			"faces": {
				"north": {"uv": [6.75, 8.5, 7, 8.75], "texture": "#0"},
				"east": {"uv": [6, 8.5, 6.75, 8.75], "texture": "#0"},
				"south": {"uv": [7.75, 8.5, 8, 8.75], "texture": "#0"},
				"west": {"uv": [7, 8.5, 7.75, 8.75], "texture": "#0"},
				"up": {"uv": [7, 8.5, 6.75, 7.75], "texture": "#0"},
				"down": {"uv": [7.25, 7.75, 7, 8.5], "texture": "#0"}
			}
		},
		{
			"from": [7.5, 10, 7],
			"to": [8.5, 11, 10],
			"rotation": {"angle": 0, "axis": "y", "origin": [8, 18, 15]},
			"faces": {
				"north": {"uv": [3, 8.25, 3.25, 8.5], "texture": "#0"},
				"east": {"uv": [2.25, 8.25, 3, 8.5], "texture": "#0"},
				"south": {"uv": [4, 8.25, 4.25, 8.5], "texture": "#0"},
				"west": {"uv": [3.25, 8.25, 4, 8.5], "texture": "#0"},
				"up": {"uv": [3.25, 8.25, 3, 7.5], "texture": "#0"},
				"down": {"uv": [3.5, 7.5, 3.25, 8.25], "texture": "#0"}
			}
		},
		{
			"from": [7.5, 11, 8],
			"to": [8.5, 12, 11],
			"rotation": {"angle": 0, "axis": "y", "origin": [8, 19, 16]},
			"faces": {
				"north": {"uv": [8, 0.75, 8.25, 1], "texture": "#0"},
				"east": {"uv": [7.25, 0.75, 8, 1], "texture": "#0"},
				"south": {"uv": [9, 0.75, 9.25, 1], "texture": "#0"},
				"west": {"uv": [8.25, 0.75, 9, 1], "texture": "#0"},
				"up": {"uv": [8.25, 0.75, 8, 0], "texture": "#0"},
				"down": {"uv": [8.5, 0, 8.25, 0.75], "texture": "#0"}
			}
		},
		{
			"from": [7.5, 12, 9],
			"to": [8.5, 13, 11],
			"rotation": {"angle": 0, "axis": "y", "origin": [8, 20, 17]},
			"faces": {
				"north": {"uv": [5.5, 1.5, 5.75, 1.75], "texture": "#0"},
				"east": {"uv": [5, 1.5, 5.5, 1.75], "texture": "#0"},
				"south": {"uv": [6.25, 1.5, 6.5, 1.75], "texture": "#0"},
				"west": {"uv": [5.75, 1.5, 6.25, 1.75], "texture": "#0"},
				"up": {"uv": [5.75, 1.5, 5.5, 1], "texture": "#0"},
				"down": {"uv": [6, 1, 5.75, 1.5], "texture": "#0"}
			}
		},
		{
			"from": [7.5, 3, 0],
			"to": [8.5, 4, 3],
			"rotation": {"angle": 0, "axis": "y", "origin": [8, 11, 8]},
			"faces": {
				"north": {"uv": [7.5, 7.5, 7.75, 7.75], "texture": "#0"},
				"east": {"uv": [6.75, 7.5, 7.5, 7.75], "texture": "#0"},
				"south": {"uv": [8.5, 7.5, 8.75, 7.75], "texture": "#0"},
				"west": {"uv": [7.75, 7.5, 8.5, 7.75], "texture": "#0"},
				"up": {"uv": [7.75, 7.5, 7.5, 6.75], "texture": "#0"},
				"down": {"uv": [8, 6.75, 7.75, 7.5], "texture": "#0"}
			}
		},
		{
			"from": [7.5, 4, 1],
			"to": [8.5, 5, 4],
			"rotation": {"angle": 0, "axis": "y", "origin": [8, 12, 9]},
			"faces": {
				"north": {"uv": [4.75, 0.75, 5, 1], "texture": "#0"},
				"east": {"uv": [4, 0.75, 4.75, 1], "texture": "#0"},
				"south": {"uv": [5.75, 0.75, 6, 1], "texture": "#0"},
				"west": {"uv": [5, 0.75, 5.75, 1], "texture": "#0"},
				"up": {"uv": [5, 0.75, 4.75, 0], "texture": "#0"},
				"down": {"uv": [5.25, 0, 5, 0.75], "texture": "#0"}
			}
		},
		{
			"from": [7.5, 2, 0],
			"to": [8.5, 3, 1],
			"rotation": {"angle": 0, "axis": "y", "origin": [8, 10, 7]},
			"faces": {
				"north": {"uv": [5, 8.25, 5.25, 8.5], "texture": "#0"},
				"east": {"uv": [4.75, 8.25, 5, 8.5], "texture": "#0"},
				"south": {"uv": [5.5, 8.25, 5.75, 8.5], "texture": "#0"},
				"west": {"uv": [5.25, 8.25, 5.5, 8.5], "texture": "#0"},
				"up": {"uv": [5.25, 8.25, 5, 8], "texture": "#0"},
				"down": {"uv": [5.5, 8, 5.25, 8.25], "texture": "#0"}
			}
		},
		{
			"from": [7.5, 0, 1],
			"to": [8.5, 3, 2],
			"rotation": {"angle": 0, "axis": "y", "origin": [8, 9, 7]},
			"faces": {
				"north": {"uv": [0.25, 0.25, 0.5, 1], "texture": "#0"},
				"east": {"uv": [0, 0.25, 0.25, 1], "texture": "#0"},
				"south": {"uv": [0.75, 0.25, 1, 1], "texture": "#0"},
				"west": {"uv": [0.5, 0.25, 0.75, 1], "texture": "#0"},
				"up": {"uv": [0.5, 0.25, 0.25, 0], "texture": "#0"},
				"down": {"uv": [0.75, 0, 0.5, 0.25], "texture": "#0"}
			}
		},
		{
			"from": [7.5, 2, 3],
			"to": [8.5, 4, 4],
			"rotation": {"angle": 0, "axis": "y", "origin": [8, 11, 9]},
			"faces": {
				"north": {"uv": [7.5, 1.25, 7.75, 1.75], "texture": "#0"},
				"east": {"uv": [7.25, 1.25, 7.5, 1.75], "texture": "#0"},
				"south": {"uv": [8, 1.25, 8.25, 1.75], "texture": "#0"},
				"west": {"uv": [7.75, 1.25, 8, 1.75], "texture": "#0"},
				"up": {"uv": [7.75, 1.25, 7.5, 1], "texture": "#0"},
				"down": {"uv": [8, 1, 7.75, 1.25], "texture": "#0"}
			}
		},
		{
			"from": [4.5, 5.4, 9.6],
			"to": [11.5, 12.4, 10.6],
			"rotation": {"angle": 45, "axis": "x", "origin": [14, 12, 19]},
			"faces": {
				"north": {"uv": [5, 2.5, 6.75, 4.25], "texture": "#0"},
				"east": {"uv": [4.75, 2.5, 5, 4.25], "texture": "#0"},
				"south": {"uv": [7, 2.5, 8.75, 4.25], "texture": "#0"},
				"west": {"uv": [6.75, 2.5, 7, 4.25], "texture": "#0"},
				"up": {"uv": [6.75, 2.5, 5, 2.25], "texture": "#0"},
				"down": {"uv": [8.5, 2.25, 6.75, 2.5], "texture": "#0"}
			}
		},
		{
			"from": [5, 5.9, 10.6],
			"to": [11, 11.9, 14.6],
			"rotation": {"angle": 45, "axis": "x", "origin": [13.5, 12, 19]},
			"faces": {
				"north": {"uv": [1, 1, 2.5, 2.5], "texture": "#0"},
				"east": {"uv": [0, 1, 1, 2.5], "texture": "#0"},
				"south": {"uv": [3.5, 1, 5, 2.5], "texture": "#0"},
				"west": {"uv": [2.5, 1, 3.5, 2.5], "texture": "#0"},
				"up": {"uv": [2.5, 1, 1, 0], "texture": "#0"},
				"down": {"uv": [4, 0, 2.5, 1], "texture": "#0"}
			}
		},
		{
			"from": [4.5, 5.4, 14.6],
			"to": [11.5, 12.4, 15.6],
			"rotation": {"angle": 45, "axis": "x", "origin": [14, 12, 19]},
			"faces": {
				"north": {"uv": [0.25, 5, 2, 6.75], "texture": "#0"},
				"east": {"uv": [0, 5, 0.25, 6.75], "texture": "#0"},
				"south": {"uv": [2.25, 5, 4, 6.75], "texture": "#0"},
				"west": {"uv": [2, 5, 2.25, 6.75], "texture": "#0"},
				"up": {"uv": [2, 5, 0.25, 4.75], "texture": "#0"},
				"down": {"uv": [3.75, 4.75, 2, 5], "texture": "#0"}
			}
		},
		{
			"from": [4.5, 5.4, 6.6],
			"to": [11.5, 12.4, 8.6],
			"rotation": {"angle": 45, "axis": "x", "origin": [14, 12, 19]},
			"faces": {
				"north": {"uv": [4.5, 4.75, 6.25, 6.5], "texture": "#0"},
				"east": {"uv": [4, 4.75, 4.5, 6.5], "texture": "#0"},
				"south": {"uv": [6.75, 4.75, 8.5, 6.5], "texture": "#0"},
				"west": {"uv": [6.25, 4.75, 6.75, 6.5], "texture": "#0"},
				"up": {"uv": [6.25, 4.75, 4.5, 4.25], "texture": "#0"},
				"down": {"uv": [8, 4.25, 6.25, 4.75], "texture": "#0"}
			}
		},
		{
			"from": [4.5, 5.4, 16.6],
			"to": [11.5, 12.4, 18.6],
			"rotation": {"angle": 45, "axis": "x", "origin": [14, 12, 19]},
			"faces": {
				"north": {"uv": [0.5, 3, 2.25, 4.75], "texture": "#0"},
				"east": {"uv": [0, 3, 0.5, 4.75], "texture": "#0"},
				"south": {"uv": [2.75, 3, 4.5, 4.75], "texture": "#0"},
				"west": {"uv": [2.25, 3, 2.75, 4.75], "texture": "#0"},
				"up": {"uv": [2.25, 3, 0.5, 2.5], "texture": "#0"},
				"down": {"uv": [4, 2.5, 2.25, 3], "texture": "#0"}
			}
		},
		{
			"from": [5.5, 6.4, 8.6],
			"to": [10.5, 11.4, 9.6],
			"rotation": {"angle": 45, "axis": "x", "origin": [14, 12, 19]},
			"faces": {
				"north": {"uv": [0.25, 7, 1.5, 8.25], "texture": "#0"},
				"east": {"uv": [0, 7, 0.25, 8.25], "texture": "#0"},
				"south": {"uv": [1.75, 7, 3, 8.25], "texture": "#0"},
				"west": {"uv": [1.5, 7, 1.75, 8.25], "texture": "#0"},
				"up": {"uv": [1.5, 7, 0.25, 6.75], "texture": "#0"},
				"down": {"uv": [2.75, 6.75, 1.5, 7], "texture": "#0"}
			}
		},
		{
			"from": [5.5, 6.4, 15.6],
			"to": [10.5, 11.4, 16.6],
			"rotation": {"angle": 45, "axis": "x", "origin": [14, 12, 19]},
			"faces": {
				"north": {"uv": [4, 6.75, 5.25, 8], "texture": "#0"},
				"east": {"uv": [3.75, 6.75, 4, 8], "texture": "#0"},
				"south": {"uv": [5.5, 6.75, 6.75, 8], "texture": "#0"},
				"west": {"uv": [5.25, 6.75, 5.5, 8], "texture": "#0"},
				"up": {"uv": [5.25, 6.75, 4, 6.5], "texture": "#0"},
				"down": {"uv": [6.5, 6.5, 5.25, 6.75], "texture": "#0"}
			}
		}
	],
	"gui_light": "front",
	"display": {
		"thirdperson_righthand": {
			"rotation": [-45, 0, 0],
			"translation": [0, 1.4, 3.25]
		},
		"thirdperson_lefthand": {
			"rotation": [-45, 0, 0],
			"translation": [0, 1.4, 3.25]
		},
		"firstperson_righthand": {
			"rotation": [-20, 0, 0],
			"translation": [5, 0, -2]
		},
		"firstperson_lefthand": {
			"rotation": [-20, 0, 0],
			"translation": [5, 0, -2]
		},
		"ground": {
			"translation": [0, 3.25, 0],
			"scale": [0.5, 0.5, 0.5]
		},
		"gui": {
			"rotation": [0, 90, 0],
			"translation": [-1, -2, 0],
			"scale": [0.75, 0.75, 0.75]
		},
		"head": {
			"rotation": [0, 90, 0],
			"translation": [-9.75, 2.25, 0]
		},
		"fixed": {
			"rotation": [0, -90, 0],
			"translation": [1, -2.5, 0]
		}
	},
	"groups": [
		{
			"name": "geode_gavel",
			"origin": [8, 8, 8],
			"children": [
				{
					"name": "stick",
					"origin": [8, 8, 8],
					"children": [0, 1, 2, 3, 4, 5, 6, 7, 8, 9, 10, 11, 12, 13, 14, 15]
				},
				{
					"name": "head",
					"origin": [9, 15, 16],
					"children": [16, 17, 18, 19, 20, 21, 22]
				}
			]
		}
	]
}