{
  "parent": "item/generated",
  "display": {
    "gui": {
      "rotation": [ 0, 0, 0 ],
      "translation": [ 2.15, 2.15, 0 ],
      "scale":[ 1.6, 1.6, 1.0 ]
    },
    "ground": {
      "translation": [ 0, 2, 0 ],
      "scale": [ 1.75, 1.75, 0.5 ]
    },
    "head": {
      "rotation": [ 0, 0, 0 ],
      "translation": [ 0, 0, 0],
      "scale":[ 4.75, 4.75, 4.75 ]
    },
    "thirdperson_righthand": {
      "rotation": [ 0, -90, 55 ],
      "translation": [ 0, 4.0, 0.5 ],
      "scale": [ 3.15, 3.15, 0.85 ]
    },
    "thirdperson_lefthand": {
      "rotation": [ 0, 90, -55 ],
      "translation": [ 0, 4.0, 0.5 ],
      "scale": [ 3.15, 3.15, 0.85 ]
    },
    "firstperson_righthand": {
      "rotation": [ 0, -90, 25 ],
      "translation": [ 1.13, 7.5, 1.13 ],
      "scale": [ 2.47, 2.47, 0.68 ]
    },
    "firstperson_lefthand": {
      "rotation": [ 0, 90, -25 ],
      "translation": [ 1.13, 7.5, 1.13 ],
      "scale": [ 2.47, 2.47, 0.68 ]
    },
    "fixed": {
      "rotation": [ 0, 180, 0 ],
      "scale": [ 3.75, 3.75, 1.0 ]
    }
  }
}