{
	"texture_size": [32, 32],
	"textures": {
		"0": "minecraft:optifine/cit/icons/new_default+_dungeons/icons_melee/morning_star",
		"particle": "minecraft:optifine/cit/icons/new_default+_dungeons/icons_melee/morning_star"
	},
	"elements": [
		{
			"from": [3.5, 11, 8],
			"to": [5.5, 12, 9],
			"rotation": {"angle": 0, "axis": "y", "origin": [5, 19, 16]},
			"faces": {
				"north": {"uv": [6, 5.5, 7, 6], "texture": "#0"},
				"east": {"uv": [6.5, 6, 7, 6.5], "texture": "#0"},
				"south": {"uv": [1, 9, 2, 9.5], "texture": "#0"},
				"west": {"uv": [10.5, 2.5, 11, 3], "texture": "#0"},
				"up": {"uv": [3, 9.5, 2, 9], "texture": "#0"},
				"down": {"uv": [9, 9, 8, 9.5], "texture": "#0"}
			}
		},
		{
			"from": [3.5, 9, 12],
			"to": [5.5, 10, 13],
			"rotation": {"angle": 0, "axis": "y", "origin": [5, 17, 20]},
			"faces": {
				"north": {"uv": [9, 9, 10, 9.5], "texture": "#0"},
				"east": {"uv": [10.5, 4.5, 11, 5], "texture": "#0"},
				"south": {"uv": [9, 3, 10, 3.5], "texture": "#0"},
				"west": {"uv": [10.5, 5, 11, 5.5], "texture": "#0"},
				"up": {"uv": [10, 4, 9, 3.5], "texture": "#0"},
				"down": {"uv": [10, 4, 9, 4.5], "texture": "#0"}
			}
		},
		{
			"from": [4.5, 12, 11],
			"to": [5.5, 13, 12],
			"rotation": {"angle": 0, "axis": "y", "origin": [5, 20, 19]},
			"faces": {
				"north": {"uv": [10.5, 5.5, 11, 6], "texture": "#0"},
				"east": {"uv": [10.5, 6, 11, 6.5], "texture": "#0"},
				"south": {"uv": [10.5, 6.5, 11, 7], "texture": "#0"},
				"west": {"uv": [10.5, 7, 11, 7.5], "texture": "#0"},
				"up": {"uv": [11, 8, 10.5, 7.5], "texture": "#0"},
				"down": {"uv": [11, 8, 10.5, 8.5], "texture": "#0"}
			}
		},
		{
			"from": [6.5, 12, 6],
			"to": [7.5, 13, 8],
			"rotation": {"angle": 0, "axis": "y", "origin": [7, 20, 15]},
			"faces": {
				"north": {"uv": [10.5, 8.5, 11, 9], "texture": "#0"},
				"east": {"uv": [9, 5.5, 10, 6], "texture": "#0"},
				"south": {"uv": [10.5, 9, 11, 9.5], "texture": "#0"},
				"west": {"uv": [9, 6, 10, 6.5], "texture": "#0"},
				"up": {"uv": [5, 10, 4.5, 9], "texture": "#0"},
				"down": {"uv": [9.5, 6.5, 9, 7.5], "texture": "#0"}
			}
		},
		{
			"from": [5.5, 9, 7],
			"to": [6.5, 10, 8],
			"rotation": {"angle": 0, "axis": "y", "origin": [6, 17, 15]},
			"faces": {
				"north": {"uv": [10.5, 9.5, 11, 10], "texture": "#0"},
				"east": {"uv": [10.5, 10, 11, 10.5], "texture": "#0"},
				"south": {"uv": [2, 11, 2.5, 11.5], "texture": "#0"},
				"west": {"uv": [2.5, 11, 3, 11.5], "texture": "#0"},
				"up": {"uv": [3.5, 11.5, 3, 11], "texture": "#0"},
				"down": {"uv": [4, 11, 3.5, 11.5], "texture": "#0"}
			}
		},
		{
			"from": [8.5, 8, 6],
			"to": [9.5, 9, 8],
			"rotation": {"angle": 0, "axis": "y", "origin": [9, 16, 15]},
			"faces": {
				"north": {"uv": [4.5, 11, 5, 11.5], "texture": "#0"},
				"east": {"uv": [9, 7.5, 10, 8], "texture": "#0"},
				"south": {"uv": [5, 11, 5.5, 11.5], "texture": "#0"},
				"west": {"uv": [9, 8, 10, 8.5], "texture": "#0"},
				"up": {"uv": [1.5, 10.5, 1, 9.5], "texture": "#0"},
				"down": {"uv": [2, 9.5, 1.5, 10.5], "texture": "#0"}
			}
		},
		{
			"from": [9.5, 11, 7],
			"to": [10.5, 12, 8],
			"rotation": {"angle": 0, "axis": "y", "origin": [10, 19, 15]},
			"faces": {
				"north": {"uv": [5.5, 11, 6, 11.5], "texture": "#0"},
				"east": {"uv": [7.5, 11, 8, 11.5], "texture": "#0"},
				"south": {"uv": [8, 11, 8.5, 11.5], "texture": "#0"},
				"west": {"uv": [9.5, 11, 10, 11.5], "texture": "#0"},
				"up": {"uv": [10.5, 11.5, 10, 11], "texture": "#0"},
				"down": {"uv": [11.5, 11, 11, 11.5], "texture": "#0"}
			}
		},
		{
			"from": [10.5, 12, 9],
			"to": [12.5, 13, 10],
			"rotation": {"angle": 0, "axis": "y", "origin": [11, 20, 17]},
			"faces": {
				"north": {"uv": [2, 9.5, 3, 10], "texture": "#0"},
				"east": {"uv": [11, 0.5, 11.5, 1], "texture": "#0"},
				"south": {"uv": [3, 9.5, 4, 10], "texture": "#0"},
				"west": {"uv": [11, 1, 11.5, 1.5], "texture": "#0"},
				"up": {"uv": [9, 10, 8, 9.5], "texture": "#0"},
				"down": {"uv": [10, 9.5, 9, 10], "texture": "#0"}
			}
		},
		{
			"from": [10.5, 8, 11],
			"to": [12.5, 9, 12],
			"rotation": {"angle": 0, "axis": "y", "origin": [11, 16, 19]},
			"faces": {
				"north": {"uv": [9.5, 2.5, 10.5, 3], "texture": "#0"},
				"east": {"uv": [11, 1.5, 11.5, 2], "texture": "#0"},
				"south": {"uv": [9.5, 4.5, 10.5, 5], "texture": "#0"},
				"west": {"uv": [11, 2, 11.5, 2.5], "texture": "#0"},
				"up": {"uv": [10.5, 7, 9.5, 6.5], "texture": "#0"},
				"down": {"uv": [10.5, 7, 9.5, 7.5], "texture": "#0"}
			}
		},
		{
			"from": [10.5, 9, 8],
			"to": [11.5, 10, 9],
			"rotation": {"angle": 0, "axis": "y", "origin": [11, 17, 16]},
			"faces": {
				"north": {"uv": [11, 2.5, 11.5, 3], "texture": "#0"},
				"east": {"uv": [11, 3, 11.5, 3.5], "texture": "#0"},
				"south": {"uv": [11, 3.5, 11.5, 4], "texture": "#0"},
				"west": {"uv": [11, 4, 11.5, 4.5], "texture": "#0"},
				"up": {"uv": [11.5, 5, 11, 4.5], "texture": "#0"},
				"down": {"uv": [11.5, 5, 11, 5.5], "texture": "#0"}
			}
		},
		{
			"from": [10.5, 11, 12],
			"to": [11.5, 12, 13],
			"rotation": {"angle": 0, "axis": "y", "origin": [11, 19, 20]},
			"faces": {
				"north": {"uv": [11, 5.5, 11.5, 6], "texture": "#0"},
				"east": {"uv": [11, 6, 11.5, 6.5], "texture": "#0"},
				"south": {"uv": [11, 6.5, 11.5, 7], "texture": "#0"},
				"west": {"uv": [11, 7, 11.5, 7.5], "texture": "#0"},
				"up": {"uv": [11.5, 8, 11, 7.5], "texture": "#0"},
				"down": {"uv": [11.5, 8, 11, 8.5], "texture": "#0"}
			}
		},
		{
			"from": [9.5, 9, 13],
			"to": [10.5, 10, 14],
			"rotation": {"angle": 0, "axis": "y", "origin": [10, 17, 21]},
			"faces": {
				"north": {"uv": [11, 8.5, 11.5, 9], "texture": "#0"},
				"east": {"uv": [11, 9, 11.5, 9.5], "texture": "#0"},
				"south": {"uv": [11, 9.5, 11.5, 10], "texture": "#0"},
				"west": {"uv": [11, 10, 11.5, 10.5], "texture": "#0"},
				"up": {"uv": [11.5, 11, 11, 10.5], "texture": "#0"},
				"down": {"uv": [1, 11.5, 0.5, 12], "texture": "#0"}
			}
		},
		{
			"from": [5.5, 11, 13],
			"to": [6.5, 12, 14],
			"rotation": {"angle": 0, "axis": "y", "origin": [6, 19, 21]},
			"faces": {
				"north": {"uv": [1, 11.5, 1.5, 12], "texture": "#0"},
				"east": {"uv": [1.5, 11.5, 2, 12], "texture": "#0"},
				"south": {"uv": [2, 11.5, 2.5, 12], "texture": "#0"},
				"west": {"uv": [2.5, 11.5, 3, 12], "texture": "#0"},
				"up": {"uv": [3.5, 12, 3, 11.5], "texture": "#0"},
				"down": {"uv": [4, 11.5, 3.5, 12], "texture": "#0"}
			}
		},
		{
			"from": [8.5, 6, 12],
			"to": [9.5, 8, 13],
			"rotation": {"angle": 0, "axis": "y", "origin": [9, 15, 20]},
			"faces": {
				"north": {"uv": [4, 9.5, 4.5, 10.5], "texture": "#0"},
				"east": {"uv": [2, 10, 2.5, 11], "texture": "#0"},
				"south": {"uv": [2.5, 10, 3, 11], "texture": "#0"},
				"west": {"uv": [3, 10, 3.5, 11], "texture": "#0"},
				"up": {"uv": [4.5, 12, 4, 11.5], "texture": "#0"},
				"down": {"uv": [5, 11.5, 4.5, 12], "texture": "#0"}
			}
		},
		{
			"from": [9.5, 7, 9],
			"to": [10.5, 8, 10],
			"rotation": {"angle": 0, "axis": "y", "origin": [10, 15, 17]},
			"faces": {
				"north": {"uv": [5, 11.5, 5.5, 12], "texture": "#0"},
				"east": {"uv": [5.5, 11.5, 6, 12], "texture": "#0"},
				"south": {"uv": [6, 11.5, 6.5, 12], "texture": "#0"},
				"west": {"uv": [7.5, 11.5, 8, 12], "texture": "#0"},
				"up": {"uv": [8.5, 12, 8, 11.5], "texture": "#0"},
				"down": {"uv": [9, 11.5, 8.5, 12], "texture": "#0"}
			}
		},
		{
			"from": [5.5, 7, 11],
			"to": [6.5, 8, 12],
			"rotation": {"angle": 0, "axis": "y", "origin": [6, 15, 19]},
			"faces": {
				"north": {"uv": [9, 11.5, 9.5, 12], "texture": "#0"},
				"east": {"uv": [9.5, 11.5, 10, 12], "texture": "#0"},
				"south": {"uv": [10, 11.5, 10.5, 12], "texture": "#0"},
				"west": {"uv": [10.5, 11.5, 11, 12], "texture": "#0"},
				"up": {"uv": [11.5, 12, 11, 11.5], "texture": "#0"},
				"down": {"uv": [12, 11.5, 11.5, 12], "texture": "#0"}
			}
		},
		{
			"from": [6.5, 6, 8],
			"to": [7.5, 8, 9],
			"rotation": {"angle": 0, "axis": "y", "origin": [7, 15, 16]},
			"faces": {
				"north": {"uv": [3.5, 10, 4, 11], "texture": "#0"},
				"east": {"uv": [4.5, 10, 5, 11], "texture": "#0"},
				"south": {"uv": [7.5, 10, 8, 11], "texture": "#0"},
				"west": {"uv": [8, 10, 8.5, 11], "texture": "#0"},
				"up": {"uv": [12, 0.5, 11.5, 0], "texture": "#0"},
				"down": {"uv": [12, 0.5, 11.5, 1], "texture": "#0"}
			}
		},
		{
			"from": [8.5, 12, 13],
			"to": [9.5, 13, 15],
			"rotation": {"angle": 0, "axis": "y", "origin": [9, 20, 21]},
			"faces": {
				"north": {"uv": [11.5, 1, 12, 1.5], "texture": "#0"},
				"east": {"uv": [9.5, 8.5, 10.5, 9], "texture": "#0"},
				"south": {"uv": [11.5, 1.5, 12, 2], "texture": "#0"},
				"west": {"uv": [8.5, 10, 9.5, 10.5], "texture": "#0"},
				"up": {"uv": [10, 11, 9.5, 10], "texture": "#0"},
				"down": {"uv": [10.5, 10, 10, 11], "texture": "#0"}
			}
		},
		{
			"from": [6.5, 8, 13],
			"to": [7.5, 9, 15],
			"rotation": {"angle": 0, "axis": "y", "origin": [7, 16, 21]},
			"faces": {
				"north": {"uv": [11.5, 2, 12, 2.5], "texture": "#0"},
				"east": {"uv": [10, 3, 11, 3.5], "texture": "#0"},
				"south": {"uv": [11.5, 2.5, 12, 3], "texture": "#0"},
				"west": {"uv": [10, 3.5, 11, 4], "texture": "#0"},
				"up": {"uv": [10.5, 6.5, 10, 5.5], "texture": "#0"},
				"down": {"uv": [10.5, 7.5, 10, 8.5], "texture": "#0"}
			}
		},
		{
			"from": [6.5, 13, 12],
			"to": [7.5, 15, 13],
			"rotation": {"angle": 0, "axis": "y", "origin": [7, 21, 20]},
			"faces": {
				"north": {"uv": [10, 9, 10.5, 10], "texture": "#0"},
				"east": {"uv": [0.5, 10.5, 1, 11.5], "texture": "#0"},
				"south": {"uv": [1, 10.5, 1.5, 11.5], "texture": "#0"},
				"west": {"uv": [1.5, 10.5, 2, 11.5], "texture": "#0"},
				"up": {"uv": [12, 3.5, 11.5, 3], "texture": "#0"},
				"down": {"uv": [12, 3.5, 11.5, 4], "texture": "#0"}
			}
		},
		{
			"from": [5.5, 13, 9],
			"to": [6.5, 14, 10],
			"rotation": {"angle": 0, "axis": "y", "origin": [6, 21, 17]},
			"faces": {
				"north": {"uv": [11.5, 4, 12, 4.5], "texture": "#0"},
				"east": {"uv": [11.5, 4.5, 12, 5], "texture": "#0"},
				"south": {"uv": [11.5, 5, 12, 5.5], "texture": "#0"},
				"west": {"uv": [11.5, 5.5, 12, 6], "texture": "#0"},
				"up": {"uv": [12, 6.5, 11.5, 6], "texture": "#0"},
				"down": {"uv": [12, 6.5, 11.5, 7], "texture": "#0"}
			}
		},
		{
			"from": [8.5, 13, 8],
			"to": [9.5, 15, 9],
			"rotation": {"angle": 0, "axis": "y", "origin": [9, 21, 16]},
			"faces": {
				"north": {"uv": [4, 10.5, 4.5, 11.5], "texture": "#0"},
				"east": {"uv": [8.5, 10.5, 9, 11.5], "texture": "#0"},
				"south": {"uv": [9, 10.5, 9.5, 11.5], "texture": "#0"},
				"west": {"uv": [10.5, 10.5, 11, 11.5], "texture": "#0"},
				"up": {"uv": [12, 7.5, 11.5, 7], "texture": "#0"},
				"down": {"uv": [12, 7.5, 11.5, 8], "texture": "#0"}
			}
		},
		{
			"from": [9.5, 13, 11],
			"to": [10.5, 14, 12],
			"rotation": {"angle": 0, "axis": "y", "origin": [10, 21, 19]},
			"faces": {
				"north": {"uv": [11.5, 8, 12, 8.5], "texture": "#0"},
				"east": {"uv": [11.5, 8.5, 12, 9], "texture": "#0"},
				"south": {"uv": [11.5, 9, 12, 9.5], "texture": "#0"},
				"west": {"uv": [11.5, 9.5, 12, 10], "texture": "#0"},
				"up": {"uv": [12, 10.5, 11.5, 10], "texture": "#0"},
				"down": {"uv": [12, 10.5, 11.5, 11], "texture": "#0"}
			}
		},
		{
			"from": [4.5, 8, 9],
			"to": [5.5, 9, 10],
			"rotation": {"angle": 0, "axis": "y", "origin": [5, 16, 17]},
			"faces": {
				"north": {"uv": [11.5, 11, 12, 11.5], "texture": "#0"},
				"east": {"uv": [0.5, 12, 1, 12.5], "texture": "#0"},
				"south": {"uv": [1, 12, 1.5, 12.5], "texture": "#0"},
				"west": {"uv": [1.5, 12, 2, 12.5], "texture": "#0"},
				"up": {"uv": [2.5, 12.5, 2, 12], "texture": "#0"},
				"down": {"uv": [3, 12, 2.5, 12.5], "texture": "#0"}
			}
		},
		{
			"from": [2.5, 10, 10],
			"to": [13.5, 11, 11],
			"rotation": {"angle": 0, "axis": "y", "origin": [11, 18, 18]},
			"faces": {
				"north": {"uv": [5, 5, 10.5, 5.5], "texture": "#0"},
				"east": {"uv": [3, 12, 3.5, 12.5], "texture": "#0"},
				"south": {"uv": [5, 0, 10.5, 0.5], "texture": "#0"},
				"west": {"uv": [3.5, 12, 4, 12.5], "texture": "#0"},
				"up": {"uv": [10.5, 1, 5, 0.5], "texture": "#0"},
				"down": {"uv": [10.5, 1, 5, 1.5], "texture": "#0"}
			}
		},
		{
			"from": [7.5, 10, 5],
			"to": [8.5, 11, 16],
			"rotation": {"angle": 0, "axis": "y", "origin": [8, 18, 15]},
			"faces": {
				"north": {"uv": [4, 12, 4.5, 12.5], "texture": "#0"},
				"east": {"uv": [5, 1.5, 10.5, 2], "texture": "#0"},
				"south": {"uv": [4.5, 12, 5, 12.5], "texture": "#0"},
				"west": {"uv": [5, 2, 10.5, 2.5], "texture": "#0"},
				"up": {"uv": [5.5, 11, 5, 5.5], "texture": "#0"},
				"down": {"uv": [6, 5.5, 5.5, 11], "texture": "#0"}
			}
		},
		{
			"from": [7.5, 5, 10],
			"to": [8.5, 16, 11],
			"rotation": {"angle": 0, "axis": "y", "origin": [8, 15, 18]},
			"faces": {
				"north": {"uv": [6, 6, 6.5, 11.5], "texture": "#0"},
				"east": {"uv": [6.5, 6.5, 7, 12], "texture": "#0"},
				"south": {"uv": [7, 7, 7.5, 12.5], "texture": "#0"},
				"west": {"uv": [0, 7.5, 0.5, 13], "texture": "#0"},
				"up": {"uv": [5.5, 12.5, 5, 12], "texture": "#0"},
				"down": {"uv": [6, 12, 5.5, 12.5], "texture": "#0"}
			}
		},
		{
			"from": [7.5, 8, 7],
			"to": [8.5, 9, 9],
			"rotation": {"angle": 0, "axis": "y", "origin": [8, 16, 15]},
			"faces": {
				"north": {"uv": [6, 12, 6.5, 12.5], "texture": "#0"},
				"east": {"uv": [10, 4, 11, 4.5], "texture": "#0"},
				"south": {"uv": [6.5, 12, 7, 12.5], "texture": "#0"},
				"west": {"uv": [10.5, 0, 11.5, 0.5], "texture": "#0"},
				"up": {"uv": [11, 1.5, 10.5, 0.5], "texture": "#0"},
				"down": {"uv": [11, 1.5, 10.5, 2.5], "texture": "#0"}
			}
		},
		{
			"from": [7.5, 0, 0],
			"to": [8.5, 3, 3],
			"rotation": {"angle": 0, "axis": "y", "origin": [8, 9, 9]},
			"faces": {
				"north": {"uv": [7, 5.5, 7.5, 7], "texture": "#0"},
				"east": {"uv": [5, 2.5, 6.5, 4], "texture": "#0"},
				"south": {"uv": [0.5, 7.5, 1, 9], "texture": "#0"},
				"west": {"uv": [6.5, 2.5, 8, 4], "texture": "#0"},
				"up": {"uv": [1.5, 9, 1, 7.5], "texture": "#0"},
				"down": {"uv": [2, 7.5, 1.5, 9], "texture": "#0"}
			}
		},
		{
			"from": [7.5, 5, 4],
			"to": [8.5, 6, 7],
			"rotation": {"angle": 0, "axis": "y", "origin": [8, 13, 12]},
			"faces": {
				"north": {"uv": [7.5, 12, 8, 12.5], "texture": "#0"},
				"east": {"uv": [5, 4, 6.5, 4.5], "texture": "#0"},
				"south": {"uv": [8, 12, 8.5, 12.5], "texture": "#0"},
				"west": {"uv": [5, 4.5, 6.5, 5], "texture": "#0"},
				"up": {"uv": [2.5, 9, 2, 7.5], "texture": "#0"},
				"down": {"uv": [3, 7.5, 2.5, 9], "texture": "#0"}
			}
		},
		{
			"from": [6.5, 1, 1],
			"to": [9.5, 2, 2],
			"rotation": {"angle": 0, "axis": "y", "origin": [7, 9, 8]},
			"faces": {
				"north": {"uv": [6.5, 4, 8, 4.5], "texture": "#0"},
				"east": {"uv": [8.5, 12, 9, 12.5], "texture": "#0"},
				"south": {"uv": [6.5, 4.5, 8, 5], "texture": "#0"},
				"west": {"uv": [9, 12, 9.5, 12.5], "texture": "#0"},
				"up": {"uv": [4.5, 8, 3, 7.5], "texture": "#0"},
				"down": {"uv": [9, 7.5, 7.5, 8], "texture": "#0"}
			}
		},
		{
			"from": [7.5, 6, 5],
			"to": [8.5, 7, 8],
			"rotation": {"angle": 0, "axis": "y", "origin": [8, 14, 13]},
			"faces": {
				"north": {"uv": [9.5, 12, 10, 12.5], "texture": "#0"},
				"east": {"uv": [7.5, 5.5, 9, 6], "texture": "#0"},
				"south": {"uv": [10, 12, 10.5, 12.5], "texture": "#0"},
				"west": {"uv": [7.5, 6, 9, 6.5], "texture": "#0"},
				"up": {"uv": [5, 9, 4.5, 7.5], "texture": "#0"},
				"down": {"uv": [3.5, 8, 3, 9.5], "texture": "#0"}
			}
		},
		{
			"from": [7.5, 7, 6],
			"to": [8.5, 8, 9],
			"rotation": {"angle": 0, "axis": "y", "origin": [8, 15, 14]},
			"faces": {
				"north": {"uv": [10.5, 12, 11, 12.5], "texture": "#0"},
				"east": {"uv": [7.5, 6.5, 9, 7], "texture": "#0"},
				"south": {"uv": [11, 12, 11.5, 12.5], "texture": "#0"},
				"west": {"uv": [7.5, 7, 9, 7.5], "texture": "#0"},
				"up": {"uv": [4, 9.5, 3.5, 8], "texture": "#0"},
				"down": {"uv": [4.5, 8, 4, 9.5], "texture": "#0"}
			}
		},
		{
			"from": [7.5, 3, 2],
			"to": [8.5, 4, 5],
			"rotation": {"angle": 0, "axis": "y", "origin": [8, 11, 10]},
			"faces": {
				"north": {"uv": [11.5, 12, 12, 12.5], "texture": "#0"},
				"east": {"uv": [7.5, 8, 9, 8.5], "texture": "#0"},
				"south": {"uv": [12, 12, 12.5, 12.5], "texture": "#0"},
				"west": {"uv": [8, 2.5, 9.5, 3], "texture": "#0"},
				"up": {"uv": [8.5, 4.5, 8, 3], "texture": "#0"},
				"down": {"uv": [8, 8.5, 7.5, 10], "texture": "#0"}
			}
		},
		{
			"from": [7.5, 3, 0],
			"to": [8.5, 4, 1],
			"rotation": {"angle": 0, "axis": "y", "origin": [8, 11, 8]},
			"faces": {
				"north": {"uv": [12, 0, 12.5, 0.5], "texture": "#0"},
				"east": {"uv": [12, 0.5, 12.5, 1], "texture": "#0"},
				"south": {"uv": [12, 1, 12.5, 1.5], "texture": "#0"},
				"west": {"uv": [12, 1.5, 12.5, 2], "texture": "#0"},
				"up": {"uv": [12.5, 2.5, 12, 2], "texture": "#0"},
				"down": {"uv": [12.5, 2.5, 12, 3], "texture": "#0"}
			}
		},
		{
			"from": [7.5, 0, 3],
			"to": [8.5, 1, 4],
			"rotation": {"angle": 0, "axis": "y", "origin": [8, 11, 8]},
			"faces": {
				"north": {"uv": [12, 3, 12.5, 3.5], "texture": "#0"},
				"east": {"uv": [12, 3.5, 12.5, 4], "texture": "#0"},
				"south": {"uv": [12, 4, 12.5, 4.5], "texture": "#0"},
				"west": {"uv": [12, 4.5, 12.5, 5], "texture": "#0"},
				"up": {"uv": [12.5, 5.5, 12, 5], "texture": "#0"},
				"down": {"uv": [12.5, 5.5, 12, 6], "texture": "#0"}
			}
		},
		{
			"from": [7.5, 4, 3],
			"to": [8.5, 5, 6],
			"rotation": {"angle": 0, "axis": "y", "origin": [8, 12, 11]},
			"faces": {
				"north": {"uv": [12, 6, 12.5, 6.5], "texture": "#0"},
				"east": {"uv": [8, 4.5, 9.5, 5], "texture": "#0"},
				"south": {"uv": [12, 6.5, 12.5, 7], "texture": "#0"},
				"west": {"uv": [8, 8.5, 9.5, 9], "texture": "#0"},
				"up": {"uv": [9, 4.5, 8.5, 3], "texture": "#0"},
				"down": {"uv": [1, 9, 0.5, 10.5], "texture": "#0"}
			}
		},
		{
			"from": [7.5, 2, 3],
			"to": [8.5, 3, 4],
			"rotation": {"angle": 0, "axis": "y", "origin": [8, 10, 9]},
			"faces": {
				"north": {"uv": [12, 7, 12.5, 7.5], "texture": "#0"},
				"east": {"uv": [12, 7.5, 12.5, 8], "texture": "#0"},
				"south": {"uv": [12, 8, 12.5, 8.5], "texture": "#0"},
				"west": {"uv": [12, 8.5, 12.5, 9], "texture": "#0"},
				"up": {"uv": [12.5, 9.5, 12, 9], "texture": "#0"},
				"down": {"uv": [12.5, 9.5, 12, 10], "texture": "#0"}
			}
		},
		{
			"from": [5.5, 8, 8],
			"to": [10.5, 13, 13],
			"rotation": {"angle": 0, "axis": "y", "origin": [14, 16, 16]},
			"faces": {
				"north": {"uv": [0, 0, 2.5, 2.5], "texture": "#0"},
				"east": {"uv": [0, 2.5, 2.5, 5], "texture": "#0"},
				"south": {"uv": [2.5, 2.5, 5, 5], "texture": "#0"},
				"west": {"uv": [2.5, 0, 5, 2.5], "texture": "#0"},
				"up": {"uv": [2.5, 7.5, 0, 5], "texture": "#0"},
				"down": {"uv": [5, 5, 2.5, 7.5], "texture": "#0"}
			}
		}
	],
	"gui_light": "front",
	"display": {
		"thirdperson_righthand": {
			"rotation": [-45, 0, 0],
			"translation": [0, 4.25, 2]
		},
		"thirdperson_lefthand": {
			"rotation": [-45, 0, 0],
			"translation": [0, 4.25, 2]
		},
		"firstperson_righthand": {
			"rotation": [-20, 0, 0],
			"translation": [6, 1.5, -2.5]
		},
		"firstperson_lefthand": {
			"rotation": [-20, 0, 0],
			"translation": [6, 1.5, -2.5]
		},
		"ground": {
			"translation": [0, 3.25, 0],
			"scale": [0.5, 0.5, 0.5]
		},
		"gui": {
			"rotation": [0, 90, 0]
		},
		"head": {
			"rotation": [0, 90, 0],
			"translation": [-9.75, 2.75, 0]
		},
		"fixed": {
			"rotation": [0, -90, 0]
		}
	},
	"groups": [
		{
			"name": "morning_star",
			"origin": [8, 8, 8],
			"children": [
				{
					"name": "thorns",
					"origin": [8, 8, 8],
					"children": [0, 1, 2, 3, 4, 5, 6, 7, 8, 9, 10, 11, 12, 13, 14, 15, 16, 17, 18, 19, 20, 21, 22, 23, 24, 25, 26]
				},
				{
					"name": "stick",
					"origin": [8, 8, 8],
					"children": [27, 28, 29, 30, 31, 32, 33, 34, 35, 36, 37]
				},
				{
					"name": "head",
					"origin": [9, 15, 16],
					"children": [38]
				}
			]
		}
	]
}