{
	"texture_size": [32, 32],
	"textures": {
		"0": "minecraft:optifine/cit/items/weapons/caver's_dread",
		"particle": "minecraft:optifine/cit/items/weapons/caver's_dread"
	},
	"elements": [
		{
			"from": [6, -2, 6],
			"to": [10, 3, 10],
			"rotation": {"angle": 0, "axis": "y", "origin": [10, 4, 14]},
			"faces": {
				"north": {"uv": [2, 6.5, 4, 9], "texture": "#0"},
				"east": {"uv": [0, 6.5, 2, 9], "texture": "#0"},
				"south": {"uv": [6, 6.5, 8, 9], "texture": "#0"},
				"west": {"uv": [4, 6.5, 6, 9], "texture": "#0"},
				"up": {"uv": [4, 6.5, 2, 4.5], "texture": "#0"},
				"down": {"uv": [6, 4.5, 4, 6.5], "texture": "#0"}
			}
		},
		{
			"from": [5.75, 3, 5.75],
			"to": [10.25, 8, 10.25],
			"rotation": {"angle": 0, "axis": "y", "origin": [10, 8, 14]},
			"faces": {
				"north": {"uv": [2, 2, 4, 4.5], "texture": "#0"},
				"east": {"uv": [0, 2, 2, 4.5], "texture": "#0"},
				"south": {"uv": [6, 2, 8, 4.5], "texture": "#0"},
				"west": {"uv": [4, 2, 6, 4.5], "texture": "#0"},
				"up": {"uv": [4, 2, 2, 0], "texture": "#0"},
				"down": {"uv": [6, 0, 4, 2], "texture": "#0"}
			}
		},
		{
			"from": [9, 1, 6],
			"to": [10, 3, 9],
			"rotation": {"angle": 45, "axis": "z", "origin": [10, 3, 11]},
			"faces": {
				"north": {"uv": [9.5, 1.5, 10, 2.5], "texture": "#0"},
				"east": {"uv": [8, 1.5, 9.5, 2.5], "texture": "#0"},
				"south": {"uv": [11.5, 1.5, 12, 2.5], "texture": "#0"},
				"west": {"uv": [10, 1.5, 11.5, 2.5], "texture": "#0"},
				"up": {"uv": [10, 1.5, 9.5, 0], "texture": "#0"},
				"down": {"uv": [10.5, 0, 10, 1.5], "texture": "#0"}
			}
		},
		{
			"from": [6, 1, 8],
			"to": [7, 3, 9],
			"rotation": {"angle": -45, "axis": "z", "origin": [6, 3, 11]},
			"faces": {
				"north": {"uv": [9.5, 3, 10, 4], "texture": "#0"},
				"east": {"uv": [9, 3, 9.5, 4], "texture": "#0"},
				"south": {"uv": [10.5, 3, 11, 4], "texture": "#0"},
				"west": {"uv": [10, 3, 10.5, 4], "texture": "#0"},
				"up": {"uv": [10, 3, 9.5, 2.5], "texture": "#0"},
				"down": {"uv": [10.5, 2.5, 10, 3], "texture": "#0"}
			}
		},
		{
			"from": [6, -2.3, 4],
			"to": [8, -0.3, 5],
			"rotation": {"angle": 45, "axis": "x", "origin": [10, -1.05, 9]},
			"faces": {
				"north": {"uv": [3, 9.5, 4, 10.5], "texture": "#0"},
				"east": {"uv": [2.5, 9.5, 3, 10.5], "texture": "#0"},
				"south": {"uv": [4.5, 9.5, 5.5, 10.5], "texture": "#0"},
				"west": {"uv": [4, 9.5, 4.5, 10.5], "texture": "#0"},
				"up": {"uv": [4, 9.5, 3, 9], "texture": "#0"},
				"down": {"uv": [5, 9, 4, 9.5], "texture": "#0"}
			}
		},
		{
			"from": [8, 4.7, 8.1],
			"to": [9, 5.7, 9.1],
			"rotation": {"angle": -45, "axis": "x", "origin": [11, 4.95, 14]},
			"faces": {
				"north": {"uv": [9.5, 7.5, 10, 8], "texture": "#0"},
				"east": {"uv": [9, 7.5, 9.5, 8], "texture": "#0"},
				"south": {"uv": [10.5, 7.5, 11, 8], "texture": "#0"},
				"west": {"uv": [10, 7.5, 10.5, 8], "texture": "#0"},
				"up": {"uv": [10, 7.5, 9.5, 7], "texture": "#0"},
				"down": {"uv": [10.5, 7, 10, 7.5], "texture": "#0"}
			}
		},
		{
			"from": [9, -2, 7],
			"to": [10, 1, 10],
			"rotation": {"angle": 22.5, "axis": "z", "origin": [10, 1, 12]},
			"faces": {
				"north": {"uv": [1.5, 10.5, 2, 12], "texture": "#0"},
				"east": {"uv": [0, 10.5, 1.5, 12], "texture": "#0"},
				"south": {"uv": [3.5, 10.5, 4, 12], "texture": "#0"},
				"west": {"uv": [2, 10.5, 3.5, 12], "texture": "#0"},
				"up": {"uv": [2, 10.5, 1.5, 9], "texture": "#0"},
				"down": {"uv": [2.5, 9, 2, 10.5], "texture": "#0"}
			}
		},
		{
			"from": [6, -2, 7],
			"to": [7, 1, 8],
			"rotation": {"angle": -22.5, "axis": "z", "origin": [6, 1, 10]},
			"faces": {
				"north": {"uv": [0.5, 0.5, 1, 2], "texture": "#0"},
				"east": {"uv": [0, 0.5, 0.5, 2], "texture": "#0"},
				"south": {"uv": [1.5, 0.5, 2, 2], "texture": "#0"},
				"west": {"uv": [1, 0.5, 1.5, 2], "texture": "#0"},
				"up": {"uv": [1, 0.5, 0.5, 0], "texture": "#0"},
				"down": {"uv": [1.5, 0, 1, 0.5], "texture": "#0"}
			}
		},
		{
			"from": [7, -3.3, 5.5],
			"to": [9, -1.3, 6.5],
			"rotation": {"angle": 22.5, "axis": "x", "origin": [11, -2.05, 9]},
			"faces": {
				"north": {"uv": [6.5, 0.5, 7.5, 1.5], "texture": "#0"},
				"east": {"uv": [6, 0.5, 6.5, 1.5], "texture": "#0"},
				"south": {"uv": [8, 0.5, 9, 1.5], "texture": "#0"},
				"west": {"uv": [7.5, 0.5, 8, 1.5], "texture": "#0"},
				"up": {"uv": [7.5, 0.5, 6.5, 0], "texture": "#0"},
				"down": {"uv": [8.5, 0, 7.5, 0.5], "texture": "#0"}
			}
		},
		{
			"from": [7, -0.3, 8.9],
			"to": [8, 1.7, 9.9],
			"rotation": {"angle": -22.5, "axis": "x", "origin": [10, 0.95, 15]},
			"faces": {
				"north": {"uv": [0.5, 5, 1, 6], "texture": "#0"},
				"east": {"uv": [0, 5, 0.5, 6], "texture": "#0"},
				"south": {"uv": [1.5, 5, 2, 6], "texture": "#0"},
				"west": {"uv": [1, 5, 1.5, 6], "texture": "#0"},
				"up": {"uv": [1, 5, 0.5, 4.5], "texture": "#0"},
				"down": {"uv": [1.5, 4.5, 1, 5], "texture": "#0"}
			}
		},
		{
			"from": [10, 6.05, 6],
			"to": [11, 7.05, 10],
			"rotation": {"angle": -22.5, "axis": "z", "origin": [10, 6.4, 11]},
			"faces": {
				"north": {"uv": [8, 9, 8.5, 9.5], "texture": "#0"},
				"east": {"uv": [6, 9, 8, 9.5], "texture": "#0"},
				"south": {"uv": [10.5, 9, 11, 9.5], "texture": "#0"},
				"west": {"uv": [8.5, 9, 10.5, 9.5], "texture": "#0"},
				"up": {"uv": [8.5, 9, 8, 7], "texture": "#0"},
				"down": {"uv": [9, 7, 8.5, 9], "texture": "#0"}
			}
		},
		{
			"from": [4.75, 3, 6],
			"to": [5.75, 4, 10],
			"rotation": {"angle": 22.5, "axis": "z", "origin": [5.75, 4, 6.5]},
			"faces": {
				"north": {"uv": [8, 4.5, 8.5, 5], "texture": "#0"},
				"east": {"uv": [6, 4.5, 8, 5], "texture": "#0"},
				"south": {"uv": [10.5, 4.5, 11, 5], "texture": "#0"},
				"west": {"uv": [8.5, 4.5, 10.5, 5], "texture": "#0"},
				"up": {"uv": [8.5, 4.5, 8, 2.5], "texture": "#0"},
				"down": {"uv": [9, 2.5, 8.5, 4.5], "texture": "#0"}
			}
		},
		{
			"from": [6, 5.985, 4.75],
			"to": [10, 6.985, 5.75],
			"rotation": {"angle": -22.5, "axis": "x", "origin": [5, 5.985, 10.75]},
			"faces": {
				"north": {"uv": [8.5, 6.5, 10.5, 7], "texture": "#0"},
				"east": {"uv": [8, 6.5, 8.5, 7], "texture": "#0"},
				"south": {"uv": [11, 6.5, 13, 7], "texture": "#0"},
				"west": {"uv": [10.5, 6.5, 11, 7], "texture": "#0"},
				"up": {"uv": [10.5, 6.5, 8.5, 6], "texture": "#0"},
				"down": {"uv": [12.5, 6, 10.5, 6.5], "texture": "#0"}
			}
		},
		{
			"from": [6, 4.3025, 12.25],
			"to": [10, 5.3025, 13.25],
			"rotation": {"angle": 22.5, "axis": "x", "origin": [11, 10.675, 13]},
			"faces": {
				"north": {"uv": [6.5, 5.5, 8.5, 6], "texture": "#0"},
				"east": {"uv": [6, 5.5, 6.5, 6], "texture": "#0"},
				"south": {"uv": [9, 5.5, 11, 6], "texture": "#0"},
				"west": {"uv": [8.5, 5.5, 9, 6], "texture": "#0"},
				"up": {"uv": [8.5, 5.5, 6.5, 5], "texture": "#0"},
				"down": {"uv": [10.5, 5, 8.5, 5.5], "texture": "#0"}
			}
		}
	],
	"gui_light": "front",
	"display": {
		"thirdperson_righthand": {
			"rotation": [-90, -90, 0],
			"translation": [0, -2, -0.1],
			"scale": [1.15, 1.15, 1.15]
		},
		"thirdperson_lefthand": {
			"rotation": [-90, 90, 0],
			"translation": [0, -2, -0.1],
			"scale": [1.15, 1.15, 1.15]
		},
		"firstperson_righthand": {
			"rotation": [-30, -90, 0],
			"translation": [0, 4, -2]
		},
		"firstperson_lefthand": {
			"rotation": [-30, 90, 0],
			"translation": [0, 4, -2]
		},
		"ground": {
			"translation": [0, 3.25, 0],
			"scale": [0.75, 0.75, 0.75]
		},
		"gui": {
			"rotation": [0, -45, 0],
			"translation": [-0.25, 7.5, 0],
			"scale": [1.5, 1.5, 1.5]
		},
		"head": {
			"rotation": [-90, -90, 0],
			"translation": [0, 8.71, -4.35],
			"scale": [1.15, 1.15, 1.15]
		},
		"fixed": {
			"rotation": [0, 90, 0],
			"translation": [0, 7, 0],
			"scale": [1.75, 1.75, 1.75]
		}
	},
	"groups": [
		{
			"name": "caver's_dread",
			"origin": [8, 8, 8],
			"children": [
				{
					"name": "fist",
					"origin": [8, 8, 8],
					"children": [0, 1]
				},
				{
					"name": "protrusions45",
					"origin": [8, 8, 8],
					"children": [2, 3, 4, 5]
				},
				{
					"name": "protrusions22.5",
					"origin": [8, 8, 8],
					"children": [6, 7, 8, 9]
				},
				{
					"name": "protrusions-22.5",
					"origin": [8, 8, 8],
					"children": [10, 11, 12, 13]
				}
			]
		}
	]
}