{
  "parent": "item/generated",
  "display": {
    "gui": {
      "rotation": [ 0, 0, 0 ],
      "translation": [ -1, -1, 0 ],
      "scale":[ 1.5, 1.5, 1 ]
    },
    "ground": {
      "translation": [ 0, 2, 0 ],
      "scale": [ 0.8, 0.8, 0.5 ]
    },
    "head": {
      "rotation": [ 0, 0, 0 ],
      "translation": [ 0, 0, 0],
      "scale":[ 4.8, 4.8, 4.8 ]
    },
    "thirdperson_righthand": {
      "rotation": [ 0, -270, 55 ],
      "translation": [ 0, 4.0, 2.5 ],
      "scale": [ 1.50, 1.50, 0.85 ]
    },
    "thirdperson_lefthand": {
      "rotation": [ 0, 270, -55 ],
      "translation": [ 0, 4.0, 2.5 ],
      "scale": [ 1.50, 1.50, 0.85 ]
    },
    "firstperson_righthand": {
      "rotation": [ 0, -270, 70 ],
      "translation": [ -0.8, 2.8, 1.13 ],
      "scale": [ 1.16, 1.16, 0.68 ]
    },
    "firstperson_lefthand": {
      "rotation": [ 0, 270, -70 ],
      "translation": [ -0.8, 2.8, 1.13 ],
      "scale": [ 1.16, 1.16, 0.68 ]
    },
    "fixed": {
      "rotation": [ 0, 180, 0 ],
      "scale": [ 1.8, 1.8, 1 ]
    }
  }
}