{
	"texture_size": [32, 32],
	"textures": {
		"0": "minecraft:optifine/cit/icons/new_default+_dungeons/icons_melee/moon_resonator",
		"particle": "minecraft:optifine/cit/icons/new_default+_dungeons/icons_melee/moon_resonator"
	},
	"elements": [
		{
			"from": [3.5, 17, 17],
			"to": [5.5, 18, 18],
			"rotation": {"angle": 0, "axis": "y", "origin": [5, 25, 25]},
			"faces": {
				"north": {"uv": [12.5, 7, 13.5, 7.5], "texture": "#0"},
				"east": {"uv": [12, 7, 12.5, 7.5], "texture": "#0"},
				"south": {"uv": [14, 7, 15, 7.5], "texture": "#0"},
				"west": {"uv": [13.5, 7, 14, 7.5], "texture": "#0"},
				"up": {"uv": [13.5, 7, 12.5, 6.5], "texture": "#0"},
				"down": {"uv": [14.5, 6.5, 13.5, 7], "texture": "#0"}
			}
		},
		{
			"from": [7.5, 17, 20],
			"to": [8.5, 18, 22],
			"rotation": {"angle": 0, "axis": "y", "origin": [8, 25, 28]},
			"faces": {
				"north": {"uv": [12, 9.5, 12.5, 10], "texture": "#0"},
				"east": {"uv": [11, 9.5, 12, 10], "texture": "#0"},
				"south": {"uv": [13.5, 9.5, 14, 10], "texture": "#0"},
				"west": {"uv": [12.5, 9.5, 13.5, 10], "texture": "#0"},
				"up": {"uv": [12.5, 9.5, 12, 8.5], "texture": "#0"},
				"down": {"uv": [13, 8.5, 12.5, 9.5], "texture": "#0"}
			}
		},
		{
			"from": [7.5, 20, 17],
			"to": [8.5, 22, 18],
			"rotation": {"angle": 0, "axis": "y", "origin": [8, 28, 25]},
			"faces": {
				"north": {"uv": [11.5, 13, 12, 14], "texture": "#0"},
				"east": {"uv": [11, 13, 11.5, 14], "texture": "#0"},
				"south": {"uv": [12.5, 13, 13, 14], "texture": "#0"},
				"west": {"uv": [12, 13, 12.5, 14], "texture": "#0"},
				"up": {"uv": [12, 13, 11.5, 12.5], "texture": "#0"},
				"down": {"uv": [12.5, 12.5, 12, 13], "texture": "#0"}
			}
		},
		{
			"from": [10.5, 17, 17],
			"to": [12.5, 18, 18],
			"rotation": {"angle": 0, "axis": "y", "origin": [11, 25, 25]},
			"faces": {
				"north": {"uv": [6.5, 12.5, 7.5, 13], "texture": "#0"},
				"east": {"uv": [6, 12.5, 6.5, 13], "texture": "#0"},
				"south": {"uv": [8, 12.5, 9, 13], "texture": "#0"},
				"west": {"uv": [7.5, 12.5, 8, 13], "texture": "#0"},
				"up": {"uv": [7.5, 12.5, 6.5, 12], "texture": "#0"},
				"down": {"uv": [8.5, 12, 7.5, 12.5], "texture": "#0"}
			}
		},
		{
			"from": [7.5, 17, 13],
			"to": [8.5, 18, 15],
			"rotation": {"angle": 0, "axis": "y", "origin": [8, 25, 22]},
			"faces": {
				"north": {"uv": [11.5, 12, 12, 12.5], "texture": "#0"},
				"east": {"uv": [10.5, 12, 11.5, 12.5], "texture": "#0"},
				"south": {"uv": [13, 12, 13.5, 12.5], "texture": "#0"},
				"west": {"uv": [12, 12, 13, 12.5], "texture": "#0"},
				"up": {"uv": [12, 12, 11.5, 11], "texture": "#0"},
				"down": {"uv": [12.5, 11, 12, 12], "texture": "#0"}
			}
		},
		{
			"from": [7.5, 13, 17],
			"to": [8.5, 15, 18],
			"rotation": {"angle": 0, "axis": "y", "origin": [8, 22, 25]},
			"faces": {
				"north": {"uv": [9.5, 12.5, 10, 13.5], "texture": "#0"},
				"east": {"uv": [9, 12.5, 9.5, 13.5], "texture": "#0"},
				"south": {"uv": [10.5, 12.5, 11, 13.5], "texture": "#0"},
				"west": {"uv": [10, 12.5, 10.5, 13.5], "texture": "#0"},
				"up": {"uv": [10, 12.5, 9.5, 12], "texture": "#0"},
				"down": {"uv": [10.5, 12, 10, 12.5], "texture": "#0"}
			}
		},
		{
			"from": [7.5, 15, 14],
			"to": [8.5, 16, 16],
			"rotation": {"angle": 0, "axis": "y", "origin": [8, 23, 22]},
			"faces": {
				"north": {"uv": [9.5, 11.5, 10, 12], "texture": "#0"},
				"east": {"uv": [8.5, 11.5, 9.5, 12], "texture": "#0"},
				"south": {"uv": [11, 11.5, 11.5, 12], "texture": "#0"},
				"west": {"uv": [10, 11.5, 11, 12], "texture": "#0"},
				"up": {"uv": [10, 11.5, 9.5, 10.5], "texture": "#0"},
				"down": {"uv": [10.5, 10.5, 10, 11.5], "texture": "#0"}
			}
		},
		{
			"from": [7.5, 8, 7],
			"to": [8.5, 9, 10],
			"rotation": {"angle": 0, "axis": "y", "origin": [8, 16, 16]},
			"faces": {
				"north": {"uv": [11.5, 6, 12, 6.5], "texture": "#0"},
				"east": {"uv": [10, 6, 11.5, 6.5], "texture": "#0"},
				"south": {"uv": [13.5, 6, 14, 6.5], "texture": "#0"},
				"west": {"uv": [12, 6, 13.5, 6.5], "texture": "#0"},
				"up": {"uv": [12, 6, 11.5, 4.5], "texture": "#0"},
				"down": {"uv": [12.5, 4.5, 12, 6], "texture": "#0"}
			}
		},
		{
			"from": [7.5, 7, 6],
			"to": [8.5, 8, 9],
			"rotation": {"angle": 0, "axis": "y", "origin": [8, 15, 15]},
			"faces": {
				"north": {"uv": [11.5, 4, 12, 4.5], "texture": "#0"},
				"east": {"uv": [10, 4, 11.5, 4.5], "texture": "#0"},
				"south": {"uv": [13.5, 4, 14, 4.5], "texture": "#0"},
				"west": {"uv": [12, 4, 13.5, 4.5], "texture": "#0"},
				"up": {"uv": [12, 4, 11.5, 2.5], "texture": "#0"},
				"down": {"uv": [12.5, 2.5, 12, 4], "texture": "#0"}
			}
		},
		{
			"from": [7.5, 6, 6],
			"to": [8.5, 7, 8],
			"rotation": {"angle": 0, "axis": "y", "origin": [8, 14, 15]},
			"faces": {
				"north": {"uv": [11, 8, 11.5, 8.5], "texture": "#0"},
				"east": {"uv": [10, 8, 11, 8.5], "texture": "#0"},
				"south": {"uv": [12.5, 8, 13, 8.5], "texture": "#0"},
				"west": {"uv": [11.5, 8, 12.5, 8.5], "texture": "#0"},
				"up": {"uv": [11.5, 8, 11, 7], "texture": "#0"},
				"down": {"uv": [12, 7, 11.5, 8], "texture": "#0"}
			}
		},
		{
			"from": [7.5, 12, 11],
			"to": [8.5, 13, 14],
			"rotation": {"angle": 0, "axis": "y", "origin": [8, 20, 19]},
			"faces": {
				"north": {"uv": [11.5, 2, 12, 2.5], "texture": "#0"},
				"east": {"uv": [10, 2, 11.5, 2.5], "texture": "#0"},
				"south": {"uv": [13.5, 2, 14, 2.5], "texture": "#0"},
				"west": {"uv": [12, 2, 13.5, 2.5], "texture": "#0"},
				"up": {"uv": [12, 2, 11.5, 0.5], "texture": "#0"},
				"down": {"uv": [12.5, 0.5, 12, 2], "texture": "#0"}
			}
		},
		{
			"from": [7.5, 13, 12],
			"to": [8.5, 14, 15],
			"rotation": {"angle": 0, "axis": "y", "origin": [8, 21, 20]},
			"faces": {
				"north": {"uv": [5.5, 11.5, 6, 12], "texture": "#0"},
				"east": {"uv": [4, 11.5, 5.5, 12], "texture": "#0"},
				"south": {"uv": [7.5, 11.5, 8, 12], "texture": "#0"},
				"west": {"uv": [6, 11.5, 7.5, 12], "texture": "#0"},
				"up": {"uv": [6, 11.5, 5.5, 10], "texture": "#0"},
				"down": {"uv": [6.5, 10, 6, 11.5], "texture": "#0"}
			}
		},
		{
			"from": [7.5, 14, 13],
			"to": [8.5, 15, 16],
			"rotation": {"angle": 0, "axis": "y", "origin": [8, 22, 21]},
			"faces": {
				"north": {"uv": [1.5, 11.5, 2, 12], "texture": "#0"},
				"east": {"uv": [0, 11.5, 1.5, 12], "texture": "#0"},
				"south": {"uv": [3.5, 11.5, 4, 12], "texture": "#0"},
				"west": {"uv": [2, 11.5, 3.5, 12], "texture": "#0"},
				"up": {"uv": [2, 11.5, 1.5, 10], "texture": "#0"},
				"down": {"uv": [2.5, 10, 2, 11.5], "texture": "#0"}
			}
		},
		{
			"from": [7.5, 10, 9],
			"to": [8.5, 11, 12],
			"rotation": {"angle": 0, "axis": "y", "origin": [8, 18, 17]},
			"faces": {
				"north": {"uv": [10, 10, 10.5, 10.5], "texture": "#0"},
				"east": {"uv": [8.5, 10, 10, 10.5], "texture": "#0"},
				"south": {"uv": [12, 10, 12.5, 10.5], "texture": "#0"},
				"west": {"uv": [10.5, 10, 12, 10.5], "texture": "#0"},
				"up": {"uv": [10.5, 10, 10, 8.5], "texture": "#0"},
				"down": {"uv": [11, 8.5, 10.5, 10], "texture": "#0"}
			}
		},
		{
			"from": [7.5, 11, 10],
			"to": [8.5, 12, 13],
			"rotation": {"angle": 0, "axis": "y", "origin": [8, 19, 18]},
			"faces": {
				"north": {"uv": [9, 6.5, 9.5, 7], "texture": "#0"},
				"east": {"uv": [7.5, 6.5, 9, 7], "texture": "#0"},
				"south": {"uv": [11, 6.5, 11.5, 7], "texture": "#0"},
				"west": {"uv": [9.5, 6.5, 11, 7], "texture": "#0"},
				"up": {"uv": [9.5, 6.5, 9, 5], "texture": "#0"},
				"down": {"uv": [10, 5, 9.5, 6.5], "texture": "#0"}
			}
		},
		{
			"from": [7.5, 9, 8],
			"to": [8.5, 10, 11],
			"rotation": {"angle": 0, "axis": "y", "origin": [8, 17, 16]},
			"faces": {
				"north": {"uv": [9, 1.5, 9.5, 2], "texture": "#0"},
				"east": {"uv": [7.5, 1.5, 9, 2], "texture": "#0"},
				"south": {"uv": [11, 1.5, 11.5, 2], "texture": "#0"},
				"west": {"uv": [9.5, 1.5, 11, 2], "texture": "#0"},
				"up": {"uv": [9.5, 1.5, 9, 0], "texture": "#0"},
				"down": {"uv": [10, 0, 9.5, 1.5], "texture": "#0"}
			}
		},
		{
			"from": [5.5, 15, 15],
			"to": [10.5, 20, 20],
			"rotation": {"angle": 0, "axis": "y", "origin": [14, 23, 23]},
			"faces": {
				"north": {"uv": [2.5, 7.5, 5, 10], "texture": "#0"},
				"east": {"uv": [0, 7.5, 2.5, 10], "texture": "#0"},
				"south": {"uv": [7.5, 7.5, 10, 10], "texture": "#0"},
				"west": {"uv": [5, 7.5, 7.5, 10], "texture": "#0"},
				"up": {"uv": [5, 7.5, 2.5, 5], "texture": "#0"},
				"down": {"uv": [7.5, 5, 5, 7.5], "texture": "#0"}
			}
		},
		{
			"from": [5.5, 2, 2],
			"to": [10.5, 7, 7],
			"rotation": {"angle": 0, "axis": "y", "origin": [14, 10, 10]},
			"faces": {
				"north": {"uv": [2.5, 2.5, 5, 5], "texture": "#0"},
				"east": {"uv": [0, 2.5, 2.5, 5], "texture": "#0"},
				"south": {"uv": [7.5, 2.5, 10, 5], "texture": "#0"},
				"west": {"uv": [5, 2.5, 7.5, 5], "texture": "#0"},
				"up": {"uv": [5, 2.5, 2.5, 0], "texture": "#0"},
				"down": {"uv": [7.5, 0, 5, 2.5], "texture": "#0"}
			}
		},
		{
			"from": [3.5, 4, 4],
			"to": [5.5, 5, 5],
			"rotation": {"angle": 0, "axis": "y", "origin": [5, 12, 12]},
			"faces": {
				"north": {"uv": [3.5, 12.5, 4.5, 13], "texture": "#0"},
				"east": {"uv": [3, 12.5, 3.5, 13], "texture": "#0"},
				"south": {"uv": [5, 12.5, 6, 13], "texture": "#0"},
				"west": {"uv": [4.5, 12.5, 5, 13], "texture": "#0"},
				"up": {"uv": [4.5, 12.5, 3.5, 12], "texture": "#0"},
				"down": {"uv": [5.5, 12, 4.5, 12.5], "texture": "#0"}
			}
		},
		{
			"from": [7.5, 4, 7],
			"to": [8.5, 5, 9],
			"rotation": {"angle": 0, "axis": "y", "origin": [8, 12, 15]},
			"faces": {
				"north": {"uv": [7.5, 11, 8, 11.5], "texture": "#0"},
				"east": {"uv": [6.5, 11, 7.5, 11.5], "texture": "#0"},
				"south": {"uv": [9, 11, 9.5, 11.5], "texture": "#0"},
				"west": {"uv": [8, 11, 9, 11.5], "texture": "#0"},
				"up": {"uv": [8, 11, 7.5, 10], "texture": "#0"},
				"down": {"uv": [8.5, 10, 8, 11], "texture": "#0"}
			}
		},
		{
			"from": [7.5, 7, 4],
			"to": [8.5, 9, 5],
			"rotation": {"angle": 0, "axis": "y", "origin": [8, 15, 12]},
			"faces": {
				"north": {"uv": [0.5, 5.5, 1, 6.5], "texture": "#0"},
				"east": {"uv": [0, 5.5, 0.5, 6.5], "texture": "#0"},
				"south": {"uv": [1.5, 5.5, 2, 6.5], "texture": "#0"},
				"west": {"uv": [1, 5.5, 1.5, 6.5], "texture": "#0"},
				"up": {"uv": [1, 5.5, 0.5, 5], "texture": "#0"},
				"down": {"uv": [1.5, 5, 1, 5.5], "texture": "#0"}
			}
		},
		{
			"from": [10.5, 4, 4],
			"to": [12.5, 5, 5],
			"rotation": {"angle": 0, "axis": "y", "origin": [11, 12, 12]},
			"faces": {
				"north": {"uv": [0.5, 12.5, 1.5, 13], "texture": "#0"},
				"east": {"uv": [0, 12.5, 0.5, 13], "texture": "#0"},
				"south": {"uv": [2, 12.5, 3, 13], "texture": "#0"},
				"west": {"uv": [1.5, 12.5, 2, 13], "texture": "#0"},
				"up": {"uv": [1.5, 12.5, 0.5, 12], "texture": "#0"},
				"down": {"uv": [2.5, 12, 1.5, 12.5], "texture": "#0"}
			}
		},
		{
			"from": [7.5, 4, 0],
			"to": [8.5, 5, 2],
			"rotation": {"angle": 0, "axis": "y", "origin": [8, 12, 9]},
			"faces": {
				"north": {"uv": [3.5, 11, 4, 11.5], "texture": "#0"},
				"east": {"uv": [2.5, 11, 3.5, 11.5], "texture": "#0"},
				"south": {"uv": [5, 11, 5.5, 11.5], "texture": "#0"},
				"west": {"uv": [4, 11, 5, 11.5], "texture": "#0"},
				"up": {"uv": [4, 11, 3.5, 10], "texture": "#0"},
				"down": {"uv": [4.5, 10, 4, 11], "texture": "#0"}
			}
		},
		{
			"from": [7.5, 0, 4],
			"to": [8.5, 2, 5],
			"rotation": {"angle": 0, "axis": "y", "origin": [8, 9, 12]},
			"faces": {
				"north": {"uv": [0.5, 0.5, 1, 1.5], "texture": "#0"},
				"east": {"uv": [0, 0.5, 0.5, 1.5], "texture": "#0"},
				"south": {"uv": [1.5, 0.5, 2, 1.5], "texture": "#0"},
				"west": {"uv": [1, 0.5, 1.5, 1.5], "texture": "#0"},
				"up": {"uv": [1, 0.5, 0.5, 0], "texture": "#0"},
				"down": {"uv": [1.5, 0, 1, 0.5], "texture": "#0"}
			}
		}
	],
	"gui_light": "front",
	"display": {
		"thirdperson_righthand": {
			"rotation": [-45, 0, 0],
			"translation": [0, -6.25, 2]
		},
		"thirdperson_lefthand": {
			"rotation": [-45, 0, 0],
			"translation": [0, -6.25, 2]
		},
		"firstperson_righthand": {
			"rotation": [-20, 0, 0],
			"translation": [6, -4, -5.5]
		},
		"firstperson_lefthand": {
			"rotation": [-20, 0, 0],
			"translation": [6, -4, -5.5]
		},
		"ground": {
			"translation": [0, 3.25, 0],
			"scale": [0.5, 0.5, 0.5]
		},
		"gui": {
			"rotation": [0, 90, 0],
			"translation": [-3, -3, 0],
			"scale": [1, 0.9, 0.9]
		},
		"head": {
			"rotation": [0, 90, 0],
			"translation": [-9.75, 2.75, 0]
		},
		"fixed": {
			"rotation": [0, -90, 0],
			"translation": [3, -3, 0]
		}
	},
	"groups": [
		{
			"name": "moon_resonator",
			"origin": [8, 8, 8],
			"children": [
				{
					"name": "top_thorns",
					"origin": [8, 8, 8],
					"children": [0, 1, 2, 3, 4, 5]
				},
				{
					"name": "stick",
					"origin": [8, 8, 8],
					"children": [6, 7, 8, 9, 10, 11, 12, 13, 14, 15]
				},
				{
					"name": "top_head",
					"origin": [9, 15, 16],
					"children": [16]
				},
				{
					"name": "bottom_head",
					"origin": [9, 15, 16],
					"children": [17]
				},
				{
					"name": "bottom_thorns",
					"origin": [8, 8, 8],
					"children": [18, 19, 20, 21, 22, 23]
				}
			]
		}
	]
}