{
	"texture_size": [64, 64],
	"textures": {
		"0": "minecraft:optifine/cit/icons/new_default+_dungeons/icons_shield/gilded_bastion",
		"particle": "minecraft:optifine/cit/icons/new_default+_dungeons/icons_shield/gilded_bastion"
	},
	"elements": [
		{
			"from": [7.5, 2, 3],
			"to": [8.5, 18, 13],
			"rotation": {"angle": 0, "axis": "y", "origin": [14, 14, 16]},
			"faces": {
				"north": {"uv": [2.5, 2.5, 2.75, 6.5], "texture": "#0"},
				"east": {"uv": [0, 2.5, 2.5, 6.5], "texture": "#0"},
				"south": {"uv": [5.25, 2.5, 5.5, 6.5], "texture": "#0"},
				"west": {"uv": [2.75, 2.5, 5.25, 6.5], "texture": "#0"},
				"up": {"uv": [2.75, 2.5, 2.5, 0], "texture": "#0"},
				"down": {"uv": [3, 0, 2.75, 2.5], "texture": "#0"}
			}
		},
		{
			"from": [7.5, 0, 4],
			"to": [8.5, 2, 7],
			"rotation": {"angle": 0, "axis": "y", "origin": [14, 12, 17]},
			"faces": {
				"north": {"uv": [0.75, 2, 1, 2.5], "texture": "#0"},
				"east": {"uv": [0, 2, 0.75, 2.5], "texture": "#0"},
				"south": {"uv": [1.75, 2, 2, 2.5], "texture": "#0"},
				"west": {"uv": [1, 2, 1.75, 2.5], "texture": "#0"},
				"up": {"uv": [1, 2, 0.75, 1.25], "texture": "#0"},
				"down": {"uv": [1.25, 1.25, 1, 2], "texture": "#0"}
			}
		},
		{
			"from": [7.5, 0, 9],
			"to": [8.5, 2, 12],
			"rotation": {"angle": 0, "axis": "y", "origin": [14, 12, 22]},
			"faces": {
				"north": {"uv": [0.75, 0.75, 1, 1.25], "texture": "#0"},
				"east": {"uv": [0, 0.75, 0.75, 1.25], "texture": "#0"},
				"south": {"uv": [1.75, 0.75, 2, 1.25], "texture": "#0"},
				"west": {"uv": [1, 0.75, 1.75, 1.25], "texture": "#0"},
				"up": {"uv": [1, 0.75, 0.75, 0], "texture": "#0"},
				"down": {"uv": [1.25, 0, 1, 0.75], "texture": "#0"}
			}
		},
		{
			"from": [7.5, 4, 1],
			"to": [8.5, 19, 3],
			"rotation": {"angle": 0, "axis": "y", "origin": [14, 16, 16]},
			"faces": {
				"north": {"uv": [0.5, 7, 0.75, 10.75], "texture": "#0"},
				"east": {"uv": [0, 7, 0.5, 10.75], "texture": "#0"},
				"south": {"uv": [1.25, 7, 1.5, 10.75], "texture": "#0"},
				"west": {"uv": [0.75, 7, 1.25, 10.75], "texture": "#0"},
				"up": {"uv": [0.75, 7, 0.5, 6.5], "texture": "#0"},
				"down": {"uv": [1, 6.5, 0.75, 7], "texture": "#0"}
			}
		},
		{
			"from": [7.5, 4, 13],
			"to": [8.5, 19, 15],
			"rotation": {"angle": 0, "axis": "y", "origin": [14, 16, 27]},
			"faces": {
				"north": {"uv": [6, 6, 6.25, 9.75], "texture": "#0"},
				"east": {"uv": [5.5, 6, 6, 9.75], "texture": "#0"},
				"south": {"uv": [6.75, 6, 7, 9.75], "texture": "#0"},
				"west": {"uv": [6.25, 6, 6.75, 9.75], "texture": "#0"},
				"up": {"uv": [6.25, 6, 6, 5.5], "texture": "#0"},
				"down": {"uv": [6.5, 5.5, 6.25, 6], "texture": "#0"}
			}
		},
		{
			"from": [8.5, 6, 7],
			"to": [14.5, 12, 9],
			"rotation": {"angle": 0, "axis": "y", "origin": [15, 16, 16]},
			"faces": {
				"north": {"uv": [3.5, 0.5, 5, 2], "texture": "#0"},
				"east": {"uv": [3, 0.5, 3.5, 2], "texture": "#0"},
				"south": {"uv": [5.5, 0.5, 7, 2], "texture": "#0"},
				"west": {"uv": [5, 0.5, 5.5, 2], "texture": "#0"},
				"up": {"uv": [5, 0.5, 3.5, 0], "texture": "#0"},
				"down": {"uv": [6.5, 0, 5, 0.5], "texture": "#0"}
			}
		}
	],
	"gui_light": "front",
	"display": {
		"thirdperson_righthand": {
			"rotation": [-180, 0, -180],
			"translation": [3.5, -3, 4]
		},
		"thirdperson_lefthand": {
			"translation": [3.5, -3, 4]
		},
		"firstperson_righthand": {
			"rotation": [5, -90, 0],
			"translation": [-4, -5.5, -2.75]
		},
		"firstperson_lefthand": {
			"rotation": [5, 90, 0],
			"translation": [-4, -5.5, -2.75]
		},
		"ground": {
			"translation": [1.75, 1.75, 0],
			"scale": [0.25, 0.25, 0.25]
		},
		"gui": {
			"rotation": [13, 65, -7],
			"translation": [0, -1.5, 0],
			"scale": [0.75, 0.75, 0.75]
		},
		"head": {
			"rotation": [0, 90, 0],
			"translation": [-9.75, -11, -6.75]
		},
		"fixed": {
			"rotation": [0, -90, 0],
			"translation": [1.75, -0.75, -2.25],
			"scale": [0.6, 0.6, 0.6]
		}
	},
	"groups": [
		{
			"name": "gilded_bastion",
			"origin": [8, 8, 8],
			"children": [
				{
					"name": "body",
					"origin": [9, 15, 16],
					"children": [0, 1, 2]
				},
				{
					"name": "protrusions",
					"origin": [8, 8, 8],
					"children": [3, 4]
				},
				{
					"name": "handle",
					"origin": [8, 8, 8],
					"children": [5]
				}
			]
		}
	]
}