{
	"texture_size": [64, 64],
	"textures": {
		"0": "minecraft:optifine/cit/icons/new_default+_dungeons/icons_shield/eternal_diamond",
		"particle": "minecraft:optifine/cit/icons/new_default+_dungeons/icons_shield/eternal_diamond"
	},
	"elements": [
		{
			"from": [7.5, 3, 3],
			"to": [8.5, 17, 13],
			"rotation": {"angle": 0, "axis": "y", "origin": [14, 14, 16]},
			"faces": {
				"north": {"uv": [2.5, 2.5, 2.75, 6], "texture": "#0"},
				"east": {"uv": [0, 2.5, 2.5, 6], "texture": "#0"},
				"south": {"uv": [5.25, 2.5, 5.5, 6], "texture": "#0"},
				"west": {"uv": [2.75, 2.5, 5.25, 6], "texture": "#0"},
				"up": {"uv": [2.75, 2.5, 2.5, 0], "texture": "#0"},
				"down": {"uv": [3, 0, 2.75, 2.5], "texture": "#0"}
			}
		},
		{
			"from": [7.5, 2, 4],
			"to": [8.5, 3, 12],
			"rotation": {"angle": 0, "axis": "y", "origin": [14, 13, 16]},
			"faces": {
				"north": {"uv": [5, 2, 5.25, 2.25], "texture": "#0"},
				"east": {"uv": [3, 2, 5, 2.25], "texture": "#0"},
				"south": {"uv": [7.25, 2, 7.5, 2.25], "texture": "#0"},
				"west": {"uv": [5.25, 2, 7.25, 2.25], "texture": "#0"},
				"up": {"uv": [5.25, 2, 5, 0], "texture": "#0"},
				"down": {"uv": [5.5, 0, 5.25, 2], "texture": "#0"}
			}
		},
		{
			"from": [7.5, 10, 2],
			"to": [8.5, 18, 3],
			"rotation": {"angle": 0, "axis": "y", "origin": [14, 16, 16]},
			"faces": {
				"north": {"uv": [1.25, 0.25, 1.5, 2.25], "texture": "#0"},
				"east": {"uv": [1, 0.25, 1.25, 2.25], "texture": "#0"},
				"south": {"uv": [1.75, 0.25, 2, 2.25], "texture": "#0"},
				"west": {"uv": [1.5, 0.25, 1.75, 2.25], "texture": "#0"},
				"up": {"uv": [1.5, 0.25, 1.25, 0], "texture": "#0"},
				"down": {"uv": [1.75, 0, 1.5, 0.25], "texture": "#0"}
			}
		},
		{
			"from": [7.5, 10, 13],
			"to": [8.5, 18, 14],
			"rotation": {"angle": 0, "axis": "y", "origin": [14, 16, 27]},
			"faces": {
				"north": {"uv": [0.25, 0.25, 0.5, 2.25], "texture": "#0"},
				"east": {"uv": [0, 0.25, 0.25, 2.25], "texture": "#0"},
				"south": {"uv": [0.75, 0.25, 1, 2.25], "texture": "#0"},
				"west": {"uv": [0.5, 0.25, 0.75, 2.25], "texture": "#0"},
				"up": {"uv": [0.5, 0.25, 0.25, 0], "texture": "#0"},
				"down": {"uv": [0.75, 0, 0.5, 0.25], "texture": "#0"}
			}
		},
		{
			"from": [7.5, 17, 5],
			"to": [8.5, 18, 6],
			"rotation": {"angle": 0, "axis": "y", "origin": [14, 23, 21]},
			"faces": {
				"north": {"uv": [3.25, 0.75, 3.5, 1], "texture": "#0"},
				"east": {"uv": [3, 0.75, 3.25, 1], "texture": "#0"},
				"south": {"uv": [3.75, 0.75, 4, 1], "texture": "#0"},
				"west": {"uv": [3.5, 0.75, 3.75, 1], "texture": "#0"},
				"up": {"uv": [3.5, 0.75, 3.25, 0.5], "texture": "#0"},
				"down": {"uv": [3.75, 0.5, 3.5, 0.75], "texture": "#0"}
			}
		},
		{
			"from": [7.5, 17, 10],
			"to": [8.5, 18, 11],
			"rotation": {"angle": 0, "axis": "y", "origin": [14, 23, 26]},
			"faces": {
				"north": {"uv": [3.25, 0.25, 3.5, 0.5], "texture": "#0"},
				"east": {"uv": [3, 0.25, 3.25, 0.5], "texture": "#0"},
				"south": {"uv": [3.75, 0.25, 4, 0.5], "texture": "#0"},
				"west": {"uv": [3.5, 0.25, 3.75, 0.5], "texture": "#0"},
				"up": {"uv": [3.5, 0.25, 3.25, 0], "texture": "#0"},
				"down": {"uv": [3.75, 0, 3.5, 0.25], "texture": "#0"}
			}
		},
		{
			"from": [8.5, 6, 7],
			"to": [14.5, 12, 9],
			"rotation": {"angle": 0, "axis": "y", "origin": [15, 16, 16]},
			"faces": {
				"north": {"uv": [5.5, 6, 7, 7.5], "texture": "#0"},
				"east": {"uv": [5, 6, 5.5, 7.5], "texture": "#0"},
				"south": {"uv": [7.5, 6, 9, 7.5], "texture": "#0"},
				"west": {"uv": [7, 6, 7.5, 7.5], "texture": "#0"},
				"up": {"uv": [7, 6, 5.5, 5.5], "texture": "#0"},
				"down": {"uv": [8.5, 5.5, 7, 6], "texture": "#0"}
			}
		}
	],
	"gui_light": "front",
	"display": {
		"thirdperson_righthand": {
			"rotation": [-180, 0, -180],
			"translation": [3.5, -3, 4]
		},
		"thirdperson_lefthand": {
			"translation": [3.5, -3, 4]
		},
		"firstperson_righthand": {
			"rotation": [5, -90, 0],
			"translation": [0, -9, -2.75]
		},
		"firstperson_lefthand": {
			"rotation": [5, 90, 0],
			"translation": [0, -9, -2.75]
		},
		"ground": {
			"translation": [1.75, 1.75, 0],
			"scale": [0.25, 0.25, 0.25]
		},
		"gui": {
			"rotation": [13, 65, -7],
			"translation": [0, -1.5, 0],
			"scale": [0.9, 0.9, 0.9]
		},
		"head": {
			"rotation": [0, 90, 0],
			"translation": [-9.75, -11, -6.75]
		},
		"fixed": {
			"rotation": [0, -90, 0],
			"translation": [1.75, -0.75, -2.25],
			"scale": [0.6, 0.6, 0.6]
		}
	},
	"groups": [
		{
			"name": "eternal_diamond",
			"origin": [8, 8, 8],
			"children": [
				{
					"name": "body",
					"origin": [9, 15, 16],
					"children": [0, 1]
				},
				{
					"name": "protrusions",
					"origin": [8, 8, 8],
					"children": [2, 3, 4, 5]
				},
				{
					"name": "handle",
					"origin": [8, 8, 8],
					"children": [6]
				}
			]
		}
	]
}