{
	"texture_size": [32, 32],
	"textures": {
		"0": "minecraft:optifine/cit/icons/new_default+_dungeons/icons_shield/ancient_darkshield",
		"particle": "minecraft:optifine/cit/icons/new_default+_dungeons/icons_shield/ancient_darkshield"
	},
	"elements": [
		{
			"from": [7.5, 5, 3],
			"to": [8.5, 17, 13],
			"rotation": {"angle": 0, "axis": "y", "origin": [14, 14, 16]},
			"faces": {
				"north": {"uv": [5, 5, 5.5, 11], "texture": "#0"},
				"east": {"uv": [0, 5, 5, 11], "texture": "#0"},
				"south": {"uv": [10.5, 5, 11, 11], "texture": "#0"},
				"west": {"uv": [5.5, 5, 10.5, 11], "texture": "#0"},
				"up": {"uv": [5.5, 5, 5, 0], "texture": "#0"},
				"down": {"uv": [6, 0, 5.5, 5], "texture": "#0"}
			}
		},
		{
			"from": [7.5, 2, 4],
			"to": [8.5, 5, 12],
			"rotation": {"angle": 0, "axis": "y", "origin": [14, 10, 16]},
			"faces": {
				"north": {"uv": [11, 11, 11.5, 12.5], "texture": "#0"},
				"east": {"uv": [7, 11, 11, 12.5], "texture": "#0"},
				"south": {"uv": [15.5, 11, 16, 12.5], "texture": "#0"},
				"west": {"uv": [11.5, 11, 15.5, 12.5], "texture": "#0"},
				"up": {"uv": [11.5, 11, 11, 7], "texture": "#0"},
				"down": {"uv": [12, 7, 11.5, 11], "texture": "#0"}
			}
		},
		{
			"from": [7.5, 0, 6],
			"to": [8.5, 2, 10],
			"rotation": {"angle": 0, "axis": "y", "origin": [14, 8, 16]},
			"faces": {
				"north": {"uv": [2, 2, 2.5, 3], "texture": "#0"},
				"east": {"uv": [0, 2, 2, 3], "texture": "#0"},
				"south": {"uv": [4.5, 2, 5, 3], "texture": "#0"},
				"west": {"uv": [2.5, 2, 4.5, 3], "texture": "#0"},
				"up": {"uv": [2.5, 2, 2, 0], "texture": "#0"},
				"down": {"uv": [3, 0, 2.5, 2], "texture": "#0"}
			}
		},
		{
			"from": [7.5, 10, 2],
			"to": [8.5, 18, 3],
			"rotation": {"angle": 0, "axis": "y", "origin": [14, 16, 16]},
			"faces": {
				"north": {"uv": [2.5, 11.5, 3, 15.5], "texture": "#0"},
				"east": {"uv": [2, 11.5, 2.5, 15.5], "texture": "#0"},
				"south": {"uv": [3.5, 11.5, 4, 15.5], "texture": "#0"},
				"west": {"uv": [3, 11.5, 3.5, 15.5], "texture": "#0"},
				"up": {"uv": [3, 11.5, 2.5, 11], "texture": "#0"},
				"down": {"uv": [3.5, 11, 3, 11.5], "texture": "#0"}
			}
		},
		{
			"from": [7.5, 10, 13],
			"to": [8.5, 18, 14],
			"rotation": {"angle": 0, "axis": "y", "origin": [14, 16, 27]},
			"faces": {
				"north": {"uv": [0.5, 11.5, 1, 15.5], "texture": "#0"},
				"east": {"uv": [0, 11.5, 0.5, 15.5], "texture": "#0"},
				"south": {"uv": [1.5, 11.5, 2, 15.5], "texture": "#0"},
				"west": {"uv": [1, 11.5, 1.5, 15.5], "texture": "#0"},
				"up": {"uv": [1, 11.5, 0.5, 11], "texture": "#0"},
				"down": {"uv": [1.5, 11, 1, 11.5], "texture": "#0"}
			}
		},
		{
			"from": [7.5, 17, 3],
			"to": [8.5, 18, 6],
			"rotation": {"angle": 0, "axis": "y", "origin": [14, 23, 21]},
			"faces": {
				"north": {"uv": [5.5, 12.5, 6, 13], "texture": "#0"},
				"east": {"uv": [4, 12.5, 5.5, 13], "texture": "#0"},
				"south": {"uv": [7.5, 12.5, 8, 13], "texture": "#0"},
				"west": {"uv": [6, 12.5, 7.5, 13], "texture": "#0"},
				"up": {"uv": [6, 12.5, 5.5, 11], "texture": "#0"},
				"down": {"uv": [6.5, 11, 6, 12.5], "texture": "#0"}
			}
		},
		{
			"from": [7.5, 17, 10],
			"to": [8.5, 18, 13],
			"rotation": {"angle": 0, "axis": "y", "origin": [14, 23, 26]},
			"faces": {
				"north": {"uv": [1.5, 4.5, 2, 5], "texture": "#0"},
				"east": {"uv": [0, 4.5, 1.5, 5], "texture": "#0"},
				"south": {"uv": [3.5, 4.5, 4, 5], "texture": "#0"},
				"west": {"uv": [2, 4.5, 3.5, 5], "texture": "#0"},
				"up": {"uv": [2, 4.5, 1.5, 3], "texture": "#0"},
				"down": {"uv": [2.5, 3, 2, 4.5], "texture": "#0"}
			}
		},
		{
			"from": [8.5, 6, 7],
			"to": [14.5, 12, 9],
			"rotation": {"angle": 0, "axis": "y", "origin": [15, 16, 16]},
			"faces": {
				"north": {"uv": [7, 1, 10, 4], "texture": "#0"},
				"east": {"uv": [6, 1, 7, 4], "texture": "#0"},
				"south": {"uv": [11, 1, 14, 4], "texture": "#0"},
				"west": {"uv": [10, 1, 11, 4], "texture": "#0"},
				"up": {"uv": [10, 1, 7, 0], "texture": "#0"},
				"down": {"uv": [13, 0, 10, 1], "texture": "#0"}
			}
		}
	],
	"gui_light": "front",
	"display": {
		"thirdperson_righthand": {
			"rotation": [-180, 0, -180],
			"translation": [3.5, -3, 4]
		},
		"thirdperson_lefthand": {
			"translation": [3.5, -3, 4]
		},
		"firstperson_righthand": {
			"rotation": [5, -90, 0],
			"translation": [-4, -5.5, -2.75]
		},
		"firstperson_lefthand": {
			"rotation": [5, 90, 0],
			"translation": [-4, -5.5, -2.75]
		},
		"ground": {
			"translation": [1.75, 1.75, 0],
			"scale": [0.25, 0.25, 0.25]
		},
		"gui": {
			"rotation": [13, 65, -7],
			"translation": [0, -1.5, 0],
			"scale": [0.8, 0.8, 0.8]
		},
		"head": {
			"rotation": [0, 90, 0],
			"translation": [-9.75, -11, -6.75]
		},
		"fixed": {
			"rotation": [0, -90, 0],
			"translation": [1.75, -0.75, -2.25],
			"scale": [0.6, 0.6, 0.6]
		}
	},
	"groups": [
		{
			"name": "ancient_darkshield",
			"origin": [8, 8, 8],
			"children": [
				{
					"name": "body",
					"origin": [9, 15, 16],
					"children": [0, 1, 2]
				},
				{
					"name": "protrusions",
					"origin": [8, 8, 8],
					"children": [3, 4, 5, 6]
				},
				{
					"name": "handle",
					"origin": [8, 8, 8],
					"children": [7]
				}
			]
		}
	]
}