{
  "parent": "item/generated",
  "display": {
    "gui": {
      "rotation": [ 0, 0, 0 ],
      "translation": [ -0.5, -0.5, 0 ],
      "scale":[ 1.80, 1.80, 1 ]
    },
    "ground": {
      "translation": [ 0, 2, 0 ],
      "scale": [ 1, 1, 0.5 ]
    },
    "head": {
      "rotation": [ 0, 0, 0 ],
      "translation": [ 0, 0, 0],
      "scale":[ 5, 5, 5 ]
    },
    "thirdperson_righthand": {
      "rotation": [ 0, -90, 55 ],
      "translation": [ 0, 4.0, 0.5 ],
      "scale": [ 1.70, 1.70, 0.85 ]
    },
    "thirdperson_lefthand": {
      "rotation": [ 0, 90, -55 ],
      "translation": [ 0, 4.0, 0.5 ],
      "scale": [ 1.70, 1.70, 0.85 ]
    },
    "firstperson_righthand": {
      "rotation": [ 0, -90, 25 ],
      "translation": [ 1.13, 3.2, 1.13 ],
      "scale": [ 1.36, 1.36, 0.68 ]
    },
    "firstperson_lefthand": {
      "rotation": [ 0, 90, -25 ],
      "translation": [ 1.13, 3.2, 1.13 ],
      "scale": [ 1.36, 1.36, 0.68 ]
    },
    "fixed": {
      "rotation": [ 0, 180, 0 ],
      "scale": [ 2, 2, 1 ]
    }
  }
}