{
	"textures": {
		"0": "minecraft:optifine/cit/icons/minecraft_dungeons/icons_melee/fighter's_bindings",
		"particle": "minecraft:optifine/cit/icons/minecraft_dungeons/icons_melee/fighter's_bindings"
	},
	"elements": [
		{
			"from": [6, 0, 6],
			"to": [10, 8, 10],
			"rotation": {"angle": 0, "axis": "y", "origin": [10, 8, 14]},
			"faces": {
				"north": {"uv": [4, 4, 8, 12], "texture": "#0"},
				"east": {"uv": [0, 4, 4, 12], "texture": "#0"},
				"south": {"uv": [12, 4, 16, 12], "texture": "#0"},
				"west": {"uv": [8, 4, 12, 12], "texture": "#0"},
				"up": {"uv": [8, 4, 4, 0], "texture": "#0"},
				"down": {"uv": [12, 0, 8, 4], "texture": "#0"}
			}
		}
	],
	"gui_light": "front",
	"display": {
		"thirdperson_righthand": {
			"rotation": [-90, 0, 0],
			"translation": [0, -2, -0.1],
			"scale": [1.15, 1.15, 1.15]
		},
		"thirdperson_lefthand": {
			"rotation": [-90, -180, 0],
			"translation": [0, -2, -0.1],
			"scale": [1.15, 1.15, 1.15]
		},
		"firstperson_righthand": {
			"rotation": [-30, -160, 0],
			"translation": [0, 4, -2]
		},
		"firstperson_lefthand": {
			"rotation": [-30, 20, 0],
			"translation": [0, 4, -2]
		},
		"ground": {
			"translation": [0, 3.25, 0],
			"scale": [0.75, 0.75, 0.75]
		},
		"gui": {
			"rotation": [0, -45, 0],
			"translation": [-0.25, 6.5, 0],
			"scale": [1.5, 1.5, 1.5]
		},
		"head": {
			"rotation": [-90, -90, 0],
			"translation": [0, 8.71, -4.35],
			"scale": [1.15, 1.15, 1.15]
		},
		"fixed": {
			"rotation": [0, 90, 0],
			"translation": [0, 7, 0],
			"scale": [1.75, 1.75, 1.75]
		}
	},
	"groups": [
		{
			"name": "fighter's_bindings",
			"origin": [8, 8, 8],
			"children": [
				{
					"name": "fist",
					"origin": [8, 8, 8],
					"children": [0]
				}
			]
		}
	]
}