{
	"texture_size": [32, 32],
	"textures": {
		"0": "minecraft:optifine/cit/icons/minecraft_dungeons/icons_melee/flail",
		"particle": "minecraft:optifine/cit/icons/minecraft_dungeons/icons_melee/flail"
	},
	"elements": [
		{
			"from": [3.5, 12, 13],
			"to": [5.5, 13, 14],
			"rotation": {"angle": -22.5, "axis": "x", "origin": [8, 23.3, 23]},
			"faces": {
				"north": {"uv": [11, 8, 12, 8.5], "texture": "#0"},
				"east": {"uv": [10.5, 8, 11, 8.5], "texture": "#0"},
				"south": {"uv": [12.5, 8, 13.5, 8.5], "texture": "#0"},
				"west": {"uv": [12, 8, 12.5, 8.5], "texture": "#0"},
				"up": {"uv": [12, 8, 11, 7.5], "texture": "#0"},
				"down": {"uv": [13, 7.5, 12, 8], "texture": "#0"}
			}
		},
		{
			"from": [7.5, 12, 16],
			"to": [8.5, 13, 18],
			"rotation": {"angle": -22.5, "axis": "x", "origin": [8, 23.3, 23]},
			"faces": {
				"north": {"uv": [10, 11, 10.5, 11.5], "texture": "#0"},
				"east": {"uv": [9, 11, 10, 11.5], "texture": "#0"},
				"south": {"uv": [11.5, 11, 12, 11.5], "texture": "#0"},
				"west": {"uv": [10.5, 11, 11.5, 11.5], "texture": "#0"},
				"up": {"uv": [10.5, 11, 10, 10], "texture": "#0"},
				"down": {"uv": [11, 10, 10.5, 11], "texture": "#0"}
			}
		},
		{
			"from": [7.5, 14, 13],
			"to": [8.5, 17, 14],
			"rotation": {"angle": -22.5, "axis": "x", "origin": [8, 23.3, 23]},
			"faces": {
				"north": {"uv": [11, 4.5, 11.5, 6], "texture": "#0"},
				"east": {"uv": [10.5, 4.5, 11, 6], "texture": "#0"},
				"south": {"uv": [12, 4.5, 12.5, 6], "texture": "#0"},
				"west": {"uv": [11.5, 4.5, 12, 6], "texture": "#0"},
				"up": {"uv": [11.5, 4.5, 11, 4], "texture": "#0"},
				"down": {"uv": [12, 4, 11.5, 4.5], "texture": "#0"}
			}
		},
		{
			"from": [10.5, 12, 13],
			"to": [12.5, 13, 14],
			"rotation": {"angle": -22.5, "axis": "x", "origin": [8, 23.3, 23]},
			"faces": {
				"north": {"uv": [10.5, 0.5, 11.5, 1], "texture": "#0"},
				"east": {"uv": [10, 0.5, 10.5, 1], "texture": "#0"},
				"south": {"uv": [12, 0.5, 13, 1], "texture": "#0"},
				"west": {"uv": [11.5, 0.5, 12, 1], "texture": "#0"},
				"up": {"uv": [11.5, 0.5, 10.5, 0], "texture": "#0"},
				"down": {"uv": [12.5, 0, 11.5, 0.5], "texture": "#0"}
			}
		},
		{
			"from": [7.5, 12, 9],
			"to": [8.5, 13, 11],
			"rotation": {"angle": -22.5, "axis": "x", "origin": [8, 23.3, 23]},
			"faces": {
				"north": {"uv": [4, 11, 4.5, 11.5], "texture": "#0"},
				"east": {"uv": [3, 11, 4, 11.5], "texture": "#0"},
				"south": {"uv": [5.5, 11, 6, 11.5], "texture": "#0"},
				"west": {"uv": [4.5, 11, 5.5, 11.5], "texture": "#0"},
				"up": {"uv": [4.5, 11, 4, 10], "texture": "#0"},
				"down": {"uv": [5, 10, 4.5, 11], "texture": "#0"}
			}
		},
		{
			"from": [7.5, 8, 13],
			"to": [8.5, 10, 14],
			"rotation": {"angle": -22.5, "axis": "x", "origin": [8, 23.3, 23]},
			"faces": {
				"north": {"uv": [6, 11.5, 6.5, 12.5], "texture": "#0"},
				"east": {"uv": [5.5, 11.5, 6, 12.5], "texture": "#0"},
				"south": {"uv": [7, 11.5, 7.5, 12.5], "texture": "#0"},
				"west": {"uv": [6.5, 11.5, 7, 12.5], "texture": "#0"},
				"up": {"uv": [6.5, 11.5, 6, 11], "texture": "#0"},
				"down": {"uv": [7, 11, 6.5, 11.5], "texture": "#0"}
			}
		},
		{
			"from": [7.5, 9, 6],
			"to": [8.5, 10, 7],
			"rotation": {"angle": 0, "axis": "y", "origin": [8, 17, 14]},
			"faces": {
				"north": {"uv": [2.5, 10.5, 3, 11], "texture": "#0"},
				"east": {"uv": [2, 10.5, 2.5, 11], "texture": "#0"},
				"south": {"uv": [3.5, 10.5, 4, 11], "texture": "#0"},
				"west": {"uv": [3, 10.5, 3.5, 11], "texture": "#0"},
				"up": {"uv": [3, 10.5, 2.5, 10], "texture": "#0"},
				"down": {"uv": [3.5, 10, 3, 10.5], "texture": "#0"}
			}
		},
		{
			"from": [7.5, 2, 0],
			"to": [8.5, 3, 2],
			"rotation": {"angle": 0, "axis": "y", "origin": [8, 10, 8]},
			"faces": {
				"north": {"uv": [1, 11, 1.5, 11.5], "texture": "#0"},
				"east": {"uv": [0, 11, 1, 11.5], "texture": "#0"},
				"south": {"uv": [2.5, 11, 3, 11.5], "texture": "#0"},
				"west": {"uv": [1.5, 11, 2.5, 11.5], "texture": "#0"},
				"up": {"uv": [1.5, 11, 1, 10], "texture": "#0"},
				"down": {"uv": [2, 10, 1.5, 11], "texture": "#0"}
			}
		},
		{
			"from": [7.5, 6, 3],
			"to": [8.5, 7, 6],
			"rotation": {"angle": 0, "axis": "y", "origin": [8, 14, 11]},
			"faces": {
				"north": {"uv": [9, 1.5, 9.5, 2], "texture": "#0"},
				"east": {"uv": [7.5, 1.5, 9, 2], "texture": "#0"},
				"south": {"uv": [11, 1.5, 11.5, 2], "texture": "#0"},
				"west": {"uv": [9.5, 1.5, 11, 2], "texture": "#0"},
				"up": {"uv": [9.5, 1.5, 9, 0], "texture": "#0"},
				"down": {"uv": [10, 0, 9.5, 1.5], "texture": "#0"}
			}
		},
		{
			"from": [7.5, 7, 4],
			"to": [8.5, 8, 7],
			"rotation": {"angle": 0, "axis": "y", "origin": [8, 15, 12]},
			"faces": {
				"north": {"uv": [5.5, 8.5, 6, 9], "texture": "#0"},
				"east": {"uv": [4, 8.5, 5.5, 9], "texture": "#0"},
				"south": {"uv": [7.5, 8.5, 8, 9], "texture": "#0"},
				"west": {"uv": [6, 8.5, 7.5, 9], "texture": "#0"},
				"up": {"uv": [6, 8.5, 5.5, 7], "texture": "#0"},
				"down": {"uv": [6.5, 7, 6, 8.5], "texture": "#0"}
			}
		},
		{
			"from": [7.5, 8, 5],
			"to": [8.5, 9, 8],
			"rotation": {"angle": 0, "axis": "y", "origin": [8, 16, 13]},
			"faces": {
				"north": {"uv": [1.5, 8.5, 2, 9], "texture": "#0"},
				"east": {"uv": [0, 8.5, 1.5, 9], "texture": "#0"},
				"south": {"uv": [3.5, 8.5, 4, 9], "texture": "#0"},
				"west": {"uv": [2, 8.5, 3.5, 9], "texture": "#0"},
				"up": {"uv": [2, 8.5, 1.5, 7], "texture": "#0"},
				"down": {"uv": [2.5, 7, 2, 8.5], "texture": "#0"}
			}
		},
		{
			"from": [7.5, 4, 1],
			"to": [8.5, 5, 4],
			"rotation": {"angle": 0, "axis": "y", "origin": [8, 12, 9]},
			"faces": {
				"north": {"uv": [8, 8, 8.5, 8.5], "texture": "#0"},
				"east": {"uv": [6.5, 8, 8, 8.5], "texture": "#0"},
				"south": {"uv": [10, 8, 10.5, 8.5], "texture": "#0"},
				"west": {"uv": [8.5, 8, 10, 8.5], "texture": "#0"},
				"up": {"uv": [8.5, 8, 8, 6.5], "texture": "#0"},
				"down": {"uv": [9, 6.5, 8.5, 8], "texture": "#0"}
			}
		},
		{
			"from": [7.5, 5, 2],
			"to": [8.5, 6, 5],
			"rotation": {"angle": 0, "axis": "y", "origin": [8, 13, 10]},
			"faces": {
				"north": {"uv": [5.5, 6.5, 6, 7], "texture": "#0"},
				"east": {"uv": [4, 6.5, 5.5, 7], "texture": "#0"},
				"south": {"uv": [7.5, 6.5, 8, 7], "texture": "#0"},
				"west": {"uv": [6, 6.5, 7.5, 7], "texture": "#0"},
				"up": {"uv": [6, 6.5, 5.5, 5], "texture": "#0"},
				"down": {"uv": [6.5, 5, 6, 6.5], "texture": "#0"}
			}
		},
		{
			"from": [7.5, 3, 0],
			"to": [8.5, 4, 3],
			"rotation": {"angle": 0, "axis": "y", "origin": [8, 11, 8]},
			"faces": {
				"north": {"uv": [1.5, 6.5, 2, 7], "texture": "#0"},
				"east": {"uv": [0, 6.5, 1.5, 7], "texture": "#0"},
				"south": {"uv": [3.5, 6.5, 4, 7], "texture": "#0"},
				"west": {"uv": [2, 6.5, 3.5, 7], "texture": "#0"},
				"up": {"uv": [2, 6.5, 1.5, 5], "texture": "#0"},
				"down": {"uv": [2.5, 5, 2, 6.5], "texture": "#0"}
			}
		},
		{
			"from": [5.5, 10, 11],
			"to": [10.5, 15, 16],
			"rotation": {"angle": -22.5, "axis": "x", "origin": [8, 23.3, 23]},
			"faces": {
				"north": {"uv": [2.5, 2.5, 5, 5], "texture": "#0"},
				"east": {"uv": [0, 2.5, 2.5, 5], "texture": "#0"},
				"south": {"uv": [7.5, 2.5, 10, 5], "texture": "#0"},
				"west": {"uv": [5, 2.5, 7.5, 5], "texture": "#0"},
				"up": {"uv": [5, 2.5, 2.5, 0], "texture": "#0"},
				"down": {"uv": [7.5, 0, 5, 2.5], "texture": "#0"}
			}
		},
		{
			"from": [6.5, 0, 11.5],
			"to": [9.5, 1, 12.5],
			"rotation": {"angle": 45, "axis": "x", "origin": [9, 10.7, 20]},
			"faces": {
				"north": {"uv": [4.5, 9.5, 6, 10], "texture": "#0"},
				"east": {"uv": [4, 9.5, 4.5, 10], "texture": "#0"},
				"south": {"uv": [6.5, 9.5, 8, 10], "texture": "#0"},
				"west": {"uv": [6, 9.5, 6.5, 10], "texture": "#0"},
				"up": {"uv": [6, 9.5, 4.5, 9], "texture": "#0"},
				"down": {"uv": [7.5, 9, 6, 9.5], "texture": "#0"}
			}
		},
		{
			"from": [6.5, 3, 11.5],
			"to": [9.5, 4, 12.5],
			"rotation": {"angle": 45, "axis": "x", "origin": [9, 10.7, 20]},
			"faces": {
				"north": {"uv": [0.5, 9.5, 2, 10], "texture": "#0"},
				"east": {"uv": [0, 9.5, 0.5, 10], "texture": "#0"},
				"south": {"uv": [2.5, 9.5, 4, 10], "texture": "#0"},
				"west": {"uv": [2, 9.5, 2.5, 10], "texture": "#0"},
				"up": {"uv": [2, 9.5, 0.5, 9], "texture": "#0"},
				"down": {"uv": [3.5, 9, 2, 9.5], "texture": "#0"}
			}
		},
		{
			"from": [8.5, 1, 11.5],
			"to": [9.5, 3, 12.5],
			"rotation": {"angle": 45, "axis": "x", "origin": [9, 10.7, 20]},
			"faces": {
				"north": {"uv": [11.5, 9.5, 12, 10.5], "texture": "#0"},
				"east": {"uv": [11, 9.5, 11.5, 10.5], "texture": "#0"},
				"south": {"uv": [12.5, 9.5, 13, 10.5], "texture": "#0"},
				"west": {"uv": [12, 9.5, 12.5, 10.5], "texture": "#0"},
				"up": {"uv": [12, 9.5, 11.5, 9], "texture": "#0"},
				"down": {"uv": [12.5, 9, 12, 9.5], "texture": "#0"}
			}
		},
		{
			"from": [6.5, 1, 11.5],
			"to": [7.5, 3, 12.5],
			"rotation": {"angle": 45, "axis": "x", "origin": [9, 10.7, 20]},
			"faces": {
				"north": {"uv": [8, 11.5, 8.5, 12.5], "texture": "#0"},
				"east": {"uv": [7.5, 11.5, 8, 12.5], "texture": "#0"},
				"south": {"uv": [9, 11.5, 9.5, 12.5], "texture": "#0"},
				"west": {"uv": [8.5, 11.5, 9, 12.5], "texture": "#0"},
				"up": {"uv": [8.5, 11.5, 8, 11], "texture": "#0"},
				"down": {"uv": [9, 11, 8.5, 11.5], "texture": "#0"}
			}
		},
		{
			"from": [6.5, 12.2, 8.5],
			"to": [9.5, 13.2, 9.5],
			"rotation": {"angle": 22.5, "axis": "x", "origin": [9, 4.7, 9.5]},
			"faces": {
				"north": {"uv": [8, 9, 9.5, 9.5], "texture": "#0"},
				"east": {"uv": [7.5, 9, 8, 9.5], "texture": "#0"},
				"south": {"uv": [10, 9, 11.5, 9.5], "texture": "#0"},
				"west": {"uv": [9.5, 9, 10, 9.5], "texture": "#0"},
				"up": {"uv": [9.5, 9, 8, 8.5], "texture": "#0"},
				"down": {"uv": [11, 8.5, 9.5, 9], "texture": "#0"}
			}
		},
		{
			"from": [6.5, 12.2, 11.5],
			"to": [9.5, 13.2, 12.5],
			"rotation": {"angle": 22.5, "axis": "x", "origin": [9, 4.7, 9.5]},
			"faces": {
				"north": {"uv": [7, 5.5, 8.5, 6], "texture": "#0"},
				"east": {"uv": [6.5, 5.5, 7, 6], "texture": "#0"},
				"south": {"uv": [9, 5.5, 10.5, 6], "texture": "#0"},
				"west": {"uv": [8.5, 5.5, 9, 6], "texture": "#0"},
				"up": {"uv": [8.5, 5.5, 7, 5], "texture": "#0"},
				"down": {"uv": [10, 5, 8.5, 5.5], "texture": "#0"}
			}
		},
		{
			"from": [6.5, 12.2, 9.5],
			"to": [7.5, 13.2, 11.5],
			"rotation": {"angle": 22.5, "axis": "x", "origin": [9, 4.7, 9.5]},
			"faces": {
				"north": {"uv": [8, 10.5, 8.5, 11], "texture": "#0"},
				"east": {"uv": [7, 10.5, 8, 11], "texture": "#0"},
				"south": {"uv": [9.5, 10.5, 10, 11], "texture": "#0"},
				"west": {"uv": [8.5, 10.5, 9.5, 11], "texture": "#0"},
				"up": {"uv": [8.5, 10.5, 8, 9.5], "texture": "#0"},
				"down": {"uv": [9, 9.5, 8.5, 10.5], "texture": "#0"}
			}
		},
		{
			"from": [8.5, 12.2, 9.5],
			"to": [9.5, 13.2, 11.5],
			"rotation": {"angle": 22.5, "axis": "x", "origin": [9, 4.7, 9.5]},
			"faces": {
				"north": {"uv": [10, 7, 10.5, 7.5], "texture": "#0"},
				"east": {"uv": [9, 7, 10, 7.5], "texture": "#0"},
				"south": {"uv": [11.5, 7, 12, 7.5], "texture": "#0"},
				"west": {"uv": [10.5, 7, 11.5, 7.5], "texture": "#0"},
				"up": {"uv": [10.5, 7, 10, 6], "texture": "#0"},
				"down": {"uv": [11, 6, 10.5, 7], "texture": "#0"}
			}
		},
		{
			"from": [7.5, 13.2, 11.3],
			"to": [8.5, 16.2, 12.3],
			"rotation": {"angle": -22.5, "axis": "x", "origin": [9, 6.7, 19]},
			"faces": {
				"north": {"uv": [10.5, 2.5, 11, 4], "texture": "#0"},
				"east": {"uv": [10, 2.5, 10.5, 4], "texture": "#0"},
				"south": {"uv": [11.5, 2.5, 12, 4], "texture": "#0"},
				"west": {"uv": [11, 2.5, 11.5, 4], "texture": "#0"},
				"up": {"uv": [11, 2.5, 10.5, 2], "texture": "#0"},
				"down": {"uv": [11.5, 2, 11, 2.5], "texture": "#0"}
			}
		},
		{
			"from": [7.5, 13.2, 14.3],
			"to": [8.5, 16.2, 15.3],
			"rotation": {"angle": -22.5, "axis": "x", "origin": [9, 6.7, 19]},
			"faces": {
				"north": {"uv": [0.5, 0.5, 1, 2], "texture": "#0"},
				"east": {"uv": [0, 0.5, 0.5, 2], "texture": "#0"},
				"south": {"uv": [1.5, 0.5, 2, 2], "texture": "#0"},
				"west": {"uv": [1, 0.5, 1.5, 2], "texture": "#0"},
				"up": {"uv": [1, 0.5, 0.5, 0], "texture": "#0"},
				"down": {"uv": [1.5, 0, 1, 0.5], "texture": "#0"}
			}
		},
		{
			"from": [7.5, 13.2, 12.3],
			"to": [8.5, 14.2, 14.3],
			"rotation": {"angle": -22.5, "axis": "x", "origin": [9, 6.7, 19]},
			"faces": {
				"north": {"uv": [3.5, 8, 4, 8.5], "texture": "#0"},
				"east": {"uv": [2.5, 8, 3.5, 8.5], "texture": "#0"},
				"south": {"uv": [5, 8, 5.5, 8.5], "texture": "#0"},
				"west": {"uv": [4, 8, 5, 8.5], "texture": "#0"},
				"up": {"uv": [4, 8, 3.5, 7], "texture": "#0"},
				"down": {"uv": [4.5, 7, 4, 8], "texture": "#0"}
			}
		},
		{
			"from": [7.5, 15.2, 12.3],
			"to": [8.5, 16.2, 14.3],
			"rotation": {"angle": -22.5, "axis": "x", "origin": [9, 6.7, 19]},
			"faces": {
				"north": {"uv": [3.5, 6, 4, 6.5], "texture": "#0"},
				"east": {"uv": [2.5, 6, 3.5, 6.5], "texture": "#0"},
				"south": {"uv": [5, 6, 5.5, 6.5], "texture": "#0"},
				"west": {"uv": [4, 6, 5, 6.5], "texture": "#0"},
				"up": {"uv": [4, 6, 3.5, 5], "texture": "#0"},
				"down": {"uv": [4.5, 5, 4, 6], "texture": "#0"}
			}
		}
	],
	"gui_light": "front",
	"display": {
		"thirdperson_righthand": {
			"rotation": [45, -180, 0],
			"translation": [0, 4.5, 0.25]
		},
		"thirdperson_lefthand": {
			"rotation": [45, -180, 0],
			"translation": [0, 4.5, 0.25]
		},
		"firstperson_righthand": {
			"rotation": [30, -180, 20],
			"translation": [7.5, 1.5, -2.5]
		},
		"firstperson_lefthand": {
			"rotation": [30, -180, 20],
			"translation": [7.5, 1.5, -2.5]
		},
		"ground": {
			"translation": [0, 3.25, 0],
			"scale": [0.5, 0.5, 0.5]
		},
		"gui": {
			"rotation": [0, 90, 0],
			"translation": [-2.5, 0, 0],
			"scale": [0.83, 0.83, 0.83]
		},
		"head": {
			"rotation": [0, 90, 0],
			"translation": [-8.25, 5.75, 0]
		},
		"fixed": {
			"rotation": [0, -90, 0],
			"translation": [2.9, 0, 0],
			"scale": [1, 0.87, 0.87]
		}
	},
	"groups": [
		{
			"name": "flail",
			"origin": [8, 8, 8],
			"children": [
				{
					"name": "thorns",
					"origin": [8, 8, 8],
					"children": [0, 1, 2, 3, 4, 5]
				},
				{
					"name": "stick",
					"origin": [8, 8, 8],
					"children": [6, 7, 8, 9, 10, 11, 12, 13]
				},
				{
					"name": "head",
					"origin": [9, 15, 16],
					"children": [14]
				},
				{
					"name": "chain1",
					"origin": [8, 8, 8],
					"children": [15, 16, 17, 18]
				},
				{
					"name": "chain3",
					"origin": [8, 8, 8],
					"children": [19, 20, 21, 22]
				},
				{
					"name": "chain2",
					"origin": [8, 8, 8],
					"children": [23, 24, 25, 26]
				}
			]
		}
	]
}