{
  "parent": "item/generated",
  "display": {
    "gui": {
      "rotation": [ 0, 0, 0 ],
      "translation": [ -0.5, -0.5, 0 ],
      "scale":[ 1.80, 1.80, 1 ]
    },
    "ground": {
      "translation": [ 0, 2, 0 ],
      "scale": [ 1.25, 1.25, 0.75 ]
    },
    "head": {
      "rotation": [ 0, 0, 0 ],
      "translation": [ 0, 0, 0],
      "scale":[ 5.25, 5.25, 5.25 ]
    },
    "thirdperson_righthand": {
      "rotation": [ 0, -90, 55 ],
      "translation": [ 0, 4.0, 0.5 ],
      "scale": [ 1.95, 1.95, 1.10 ]
    },
    "thirdperson_lefthand": {
      "rotation": [ 0, 90, -55 ],
      "translation": [ 0, 4.0, 0.5 ],
      "scale": [ 1.95, 1.95, 1.10 ]
    },
    "firstperson_righthand": {
      "rotation": [ 0, -90, 25 ],
      "translation": [ 1.13, 3.2, 1.13 ],
      "scale": [ 1.61, 1.61, 0.93 ]
    },
    "firstperson_lefthand": {
      "rotation": [ 0, 90, -25 ],
      "translation": [ 1.13, 3.2, 1.13 ],
      "scale": [ 1.61, 1.61, 0.93 ]
    },
    "fixed": {
      "rotation": [ 0, 180, 0 ],
      "scale": [ 2.25, 2.25, 1.25 ]
    }
  }
}