{
	"texture_size": [32, 32],
	"textures": {
		"0": "minecraft:optifine/cit/icons/minecraft_dungeons/icons_melee/maulers",
		"particle": "minecraft:optifine/cit/icons/minecraft_dungeons/icons_melee/maulers"
	},
	"elements": [
		{
			"from": [6, 0, 6],
			"to": [10, 8, 10],
			"rotation": {"angle": 0, "axis": "y", "origin": [10, 8, 14]},
			"faces": {
				"north": {"uv": [2, 2, 4, 6], "texture": "#0"},
				"east": {"uv": [0, 2, 2, 6], "texture": "#0"},
				"south": {"uv": [6, 2, 8, 6], "texture": "#0"},
				"west": {"uv": [4, 2, 6, 6], "texture": "#0"},
				"up": {"uv": [4, 2, 2, 0], "texture": "#0"},
				"down": {"uv": [6, 0, 4, 2], "texture": "#0"}
			}
		},
		{
			"from": [9.05, 7, 9.05],
			"to": [10.05, 9, 10.05],
			"rotation": {"angle": 0, "axis": "y", "origin": [10, 9, 14]},
			"faces": {
				"north": {"uv": [6.5, 0.5, 7, 1.5], "texture": "#0"},
				"east": {"uv": [6, 0.5, 6.5, 1.5], "texture": "#0"},
				"south": {"uv": [7.5, 0.5, 8, 1.5], "texture": "#0"},
				"west": {"uv": [7, 0.5, 7.5, 1.5], "texture": "#0"},
				"up": {"uv": [7, 0.5, 6.5, 0], "texture": "#0"},
				"down": {"uv": [7.5, 0, 7, 0.5], "texture": "#0"}
			}
		},
		{
			"from": [9.05, 7, 5.95],
			"to": [10.05, 9, 6.95],
			"rotation": {"angle": 0, "axis": "y", "origin": [10, 9, 11]},
			"faces": {
				"north": {"uv": [6, 6.5, 6.5, 7.5], "texture": "#0"},
				"east": {"uv": [5.5, 6.5, 6, 7.5], "texture": "#0"},
				"south": {"uv": [7, 6.5, 7.5, 7.5], "texture": "#0"},
				"west": {"uv": [6.5, 6.5, 7, 7.5], "texture": "#0"},
				"up": {"uv": [6.5, 6.5, 6, 6], "texture": "#0"},
				"down": {"uv": [7, 6, 6.5, 6.5], "texture": "#0"}
			}
		},
		{
			"from": [9.05, 7, 7.5],
			"to": [10.05, 9, 8.5],
			"rotation": {"angle": 0, "axis": "y", "origin": [10, 9, 12]},
			"faces": {
				"north": {"uv": [0.5, 0.5, 1, 1.5], "texture": "#0"},
				"east": {"uv": [0, 0.5, 0.5, 1.5], "texture": "#0"},
				"south": {"uv": [1.5, 0.5, 2, 1.5], "texture": "#0"},
				"west": {"uv": [1, 0.5, 1.5, 1.5], "texture": "#0"},
				"up": {"uv": [1, 0.5, 0.5, 0], "texture": "#0"},
				"down": {"uv": [1.5, 0, 1, 0.5], "texture": "#0"}
			}
		},
		{
			"from": [9, 4, 6],
			"to": [10, 6, 9],
			"rotation": {"angle": 45, "axis": "z", "origin": [10, 6, 11]},
			"faces": {
				"north": {"uv": [1.5, 7.5, 2, 8.5], "texture": "#0"},
				"east": {"uv": [0, 7.5, 1.5, 8.5], "texture": "#0"},
				"south": {"uv": [3.5, 7.5, 4, 8.5], "texture": "#0"},
				"west": {"uv": [2, 7.5, 3.5, 8.5], "texture": "#0"},
				"up": {"uv": [2, 7.5, 1.5, 6], "texture": "#0"},
				"down": {"uv": [2.5, 6, 2, 7.5], "texture": "#0"}
			}
		},
		{
			"from": [7, -0.3, 4],
			"to": [9, 1.7, 5],
			"rotation": {"angle": 45, "axis": "x", "origin": [11, 0.95, 9]},
			"faces": {
				"north": {"uv": [3, 6.5, 4, 7.5], "texture": "#0"},
				"east": {"uv": [2.5, 6.5, 3, 7.5], "texture": "#0"},
				"south": {"uv": [4.5, 6.5, 5.5, 7.5], "texture": "#0"},
				"west": {"uv": [4, 6.5, 4.5, 7.5], "texture": "#0"},
				"up": {"uv": [4, 6.5, 3, 6], "texture": "#0"},
				"down": {"uv": [5, 6, 4, 6.5], "texture": "#0"}
			}
		},
		{
			"from": [8, 7.7, 8.1],
			"to": [9, 8.7, 9.1],
			"rotation": {"angle": -45, "axis": "x", "origin": [11, 7.95, 14]},
			"faces": {
				"north": {"uv": [7.5, 7.5, 8, 8], "texture": "#0"},
				"east": {"uv": [7, 7.5, 7.5, 8], "texture": "#0"},
				"south": {"uv": [8.5, 7.5, 9, 8], "texture": "#0"},
				"west": {"uv": [8, 7.5, 8.5, 8], "texture": "#0"},
				"up": {"uv": [8, 7.5, 7.5, 7], "texture": "#0"},
				"down": {"uv": [8.5, 7, 8, 7.5], "texture": "#0"}
			}
		}
	],
	"gui_light": "front",
	"display": {
		"thirdperson_righthand": {
			"rotation": [-90, -90, 0],
			"translation": [0, -2, -0.1],
			"scale": [1.15, 1.15, 1.15]
		},
		"thirdperson_lefthand": {
			"rotation": [-90, 90, 0],
			"translation": [0, -2, -0.1],
			"scale": [1.15, 1.15, 1.15]
		},
		"firstperson_righthand": {
			"rotation": [-30, -90, 0],
			"translation": [0, 4, -2]
		},
		"firstperson_lefthand": {
			"rotation": [-30, 90, 0],
			"translation": [0, 4, -2]
		},
		"ground": {
			"translation": [0, 3.25, 0],
			"scale": [0.75, 0.75, 0.75]
		},
		"gui": {
			"rotation": [0, -45, 0],
			"translation": [-0.25, 6.5, 0],
			"scale": [1.5, 1.5, 1.5]
		},
		"head": {
			"rotation": [-90, -90, 0],
			"translation": [0, 8.71, -4.35],
			"scale": [1.15, 1.15, 1.15]
		},
		"fixed": {
			"rotation": [0, 90, 0],
			"translation": [0, 7, 0],
			"scale": [1.75, 1.75, 1.75]
		}
	},
	"groups": [
		{
			"name": "maulers",
			"origin": [8, 8, 8],
			"children": [
				{
					"name": "fist",
					"origin": [8, 8, 8],
					"children": [0]
				},
				{
					"name": "claws",
					"origin": [8, 8, 8],
					"children": [1, 2, 3]
				},
				{
					"name": "protrusions",
					"origin": [8, 8, 8],
					"children": [4, 5, 6]
				}
			]
		}
	]
}