{
	"texture_size": [64, 64],
	"textures": {
		"0": "minecraft:optifine/cit/icons/minecraft_dungeons/icons_ranged/auto_crossbow_arrow",
		"particle": "minecraft:optifine/cit/icons/minecraft_dungeons/icons_ranged/auto_crossbow_arrow"
	},
	"elements": [
		{
			"from": [7.5, 3, 0],
			"to": [8.5, 4, 9],
			"rotation": {"angle": 0, "axis": "y", "origin": [8, 13, -2]},
			"faces": {
				"north": {"uv": [2.25, 2.25, 2.5, 2.5], "texture": "#0"},
				"east": {"uv": [0, 2.25, 2.25, 2.5], "texture": "#0"},
				"south": {"uv": [4.75, 2.25, 5, 2.5], "texture": "#0"},
				"west": {"uv": [2.5, 2.25, 4.75, 2.5], "texture": "#0"},
				"up": {"uv": [2.5, 2.25, 2.25, 0], "texture": "#0"},
				"down": {"uv": [2.75, 0, 2.5, 2.25], "texture": "#0"}
			}
		},
		{
			"from": [7.5, 4, 8],
			"to": [8.5, 11, 9],
			"rotation": {"angle": 0, "axis": "y", "origin": [8, 13, -2]},
			"faces": {
				"north": {"uv": [6.25, 6.25, 6.5, 8], "texture": "#0"},
				"east": {"uv": [6, 6.25, 6.25, 8], "texture": "#0"},
				"south": {"uv": [6.75, 6.25, 7, 8], "texture": "#0"},
				"west": {"uv": [6.5, 6.25, 6.75, 8], "texture": "#0"},
				"up": {"uv": [6.5, 6.25, 6.25, 6], "texture": "#0"},
				"down": {"uv": [6.75, 6, 6.5, 6.25], "texture": "#0"}
			}
		},
		{
			"from": [7.5, 2, 1],
			"to": [8.5, 3, 3],
			"rotation": {"angle": 0, "axis": "y", "origin": [8, 13, -2]},
			"faces": {
				"north": {"uv": [6.75, 1.25, 7, 1.5], "texture": "#0"},
				"east": {"uv": [6.25, 1.25, 6.75, 1.5], "texture": "#0"},
				"south": {"uv": [7.5, 1.25, 7.75, 1.5], "texture": "#0"},
				"west": {"uv": [7, 1.25, 7.5, 1.5], "texture": "#0"},
				"up": {"uv": [7, 1.25, 6.75, 0.75], "texture": "#0"},
				"down": {"uv": [7.25, 0.75, 7, 1.25], "texture": "#0"}
			}
		},
		{
			"from": [7.5, 4, 1],
			"to": [8.5, 8, 2],
			"rotation": {"angle": 0, "axis": "y", "origin": [8, 13, -2]},
			"faces": {
				"north": {"uv": [6, 0.25, 6.25, 1.25], "texture": "#0"},
				"east": {"uv": [5.75, 0.25, 6, 1.25], "texture": "#0"},
				"south": {"uv": [6.5, 0.25, 6.75, 1.25], "texture": "#0"},
				"west": {"uv": [6.25, 0.25, 6.5, 1.25], "texture": "#0"},
				"up": {"uv": [6.25, 0.25, 6, 0], "texture": "#0"},
				"down": {"uv": [6.5, 0, 6.25, 0.25], "texture": "#0"}
			}
		},
		{
			"from": [7.5, 4, 2],
			"to": [8.5, 10, 3],
			"rotation": {"angle": 0, "axis": "y", "origin": [8, 13, -2]},
			"faces": {
				"north": {"uv": [5.25, 6.75, 5.5, 8.25], "texture": "#0"},
				"east": {"uv": [5, 6.75, 5.25, 8.25], "texture": "#0"},
				"south": {"uv": [5.75, 6.75, 6, 8.25], "texture": "#0"},
				"west": {"uv": [5.5, 6.75, 5.75, 8.25], "texture": "#0"},
				"up": {"uv": [5.5, 6.75, 5.25, 6.5], "texture": "#0"},
				"down": {"uv": [5.75, 6.5, 5.5, 6.75], "texture": "#0"}
			}
		},
		{
			"from": [7.5, 14, 8],
			"to": [8.5, 15, 12],
			"rotation": {"angle": 0, "axis": "y", "origin": [8, 13, -2]},
			"faces": {
				"north": {"uv": [5.25, 1.5, 5.5, 1.75], "texture": "#0"},
				"east": {"uv": [4.25, 1.5, 5.25, 1.75], "texture": "#0"},
				"south": {"uv": [6.5, 1.5, 6.75, 1.75], "texture": "#0"},
				"west": {"uv": [5.5, 1.5, 6.5, 1.75], "texture": "#0"},
				"up": {"uv": [5.5, 1.5, 5.25, 0.5], "texture": "#0"},
				"down": {"uv": [5.75, 0.5, 5.5, 1.5], "texture": "#0"}
			}
		},
		{
			"from": [7.5, 13, 6],
			"to": [8.5, 14, 12],
			"rotation": {"angle": 0, "axis": "y", "origin": [8, 13, -2]},
			"faces": {
				"north": {"uv": [3.5, 4.25, 3.75, 4.5], "texture": "#0"},
				"east": {"uv": [2, 4.25, 3.5, 4.5], "texture": "#0"},
				"south": {"uv": [5.25, 4.25, 5.5, 4.5], "texture": "#0"},
				"west": {"uv": [3.75, 4.25, 5.25, 4.5], "texture": "#0"},
				"up": {"uv": [3.75, 4.25, 3.5, 2.75], "texture": "#0"},
				"down": {"uv": [4, 2.75, 3.75, 4.25], "texture": "#0"}
			}
		},
		{
			"from": [7.5, 12, 5],
			"to": [8.5, 13, 11],
			"rotation": {"angle": 0, "axis": "y", "origin": [8, 13, -2]},
			"faces": {
				"north": {"uv": [1.5, 4, 1.75, 4.25], "texture": "#0"},
				"east": {"uv": [0, 4, 1.5, 4.25], "texture": "#0"},
				"south": {"uv": [3.25, 4, 3.5, 4.25], "texture": "#0"},
				"west": {"uv": [1.75, 4, 3.25, 4.25], "texture": "#0"},
				"up": {"uv": [1.75, 4, 1.5, 2.5], "texture": "#0"},
				"down": {"uv": [2, 2.5, 1.75, 4], "texture": "#0"}
			}
		},
		{
			"from": [7.5, 5, 3],
			"to": [8.5, 14, 4],
			"rotation": {"angle": 0, "axis": "y", "origin": [8, 13, -2]},
			"faces": {
				"north": {"uv": [1.25, 6.25, 1.5, 8.5], "texture": "#0"},
				"east": {"uv": [1, 6.25, 1.25, 8.5], "texture": "#0"},
				"south": {"uv": [1.75, 6.25, 2, 8.5], "texture": "#0"},
				"west": {"uv": [1.5, 6.25, 1.75, 8.5], "texture": "#0"},
				"up": {"uv": [1.5, 6.25, 1.25, 6], "texture": "#0"},
				"down": {"uv": [1.75, 6, 1.5, 6.25], "texture": "#0"}
			}
		},
		{
			"from": [7.5, 12, 2],
			"to": [8.5, 14, 3],
			"rotation": {"angle": 0, "axis": "y", "origin": [8, 13, -3]},
			"faces": {
				"north": {"uv": [7.25, 7.25, 7.5, 7.75], "texture": "#0"},
				"east": {"uv": [7, 7.25, 7.25, 7.75], "texture": "#0"},
				"south": {"uv": [7.75, 7.25, 8, 7.75], "texture": "#0"},
				"west": {"uv": [7.5, 7.25, 7.75, 7.75], "texture": "#0"},
				"up": {"uv": [7.5, 7.25, 7.25, 7], "texture": "#0"},
				"down": {"uv": [7.75, 7, 7.5, 7.25], "texture": "#0"}
			}
		},
		{
			"from": [7.5, 13, 13],
			"to": [8.5, 15, 14],
			"rotation": {"angle": 0, "axis": "y", "origin": [8, 13, -2]},
			"faces": {
				"north": {"uv": [7, 5.75, 7.25, 6.25], "texture": "#0"},
				"east": {"uv": [6.75, 5.75, 7, 6.25], "texture": "#0"},
				"south": {"uv": [7.5, 5.75, 7.75, 6.25], "texture": "#0"},
				"west": {"uv": [7.25, 5.75, 7.5, 6.25], "texture": "#0"},
				"up": {"uv": [7.25, 5.75, 7, 5.5], "texture": "#0"},
				"down": {"uv": [7.5, 5.5, 7.25, 5.75], "texture": "#0"}
			}
		},
		{
			"from": [7.5, 5, 7],
			"to": [8.5, 12, 8],
			"rotation": {"angle": 0, "axis": "y", "origin": [8, 13, -2]},
			"faces": {
				"north": {"uv": [2.25, 6.25, 2.5, 8], "texture": "#0"},
				"east": {"uv": [2, 6.25, 2.25, 8], "texture": "#0"},
				"south": {"uv": [2.75, 6.25, 3, 8], "texture": "#0"},
				"west": {"uv": [2.5, 6.25, 2.75, 8], "texture": "#0"},
				"up": {"uv": [2.5, 6.25, 2.25, 6], "texture": "#0"},
				"down": {"uv": [2.75, 6, 2.5, 6.25], "texture": "#0"}
			}
		},
		{
			"from": [7.5, 6, 6],
			"to": [8.5, 12, 7],
			"rotation": {"angle": 0, "axis": "y", "origin": [8, 13, -2]},
			"faces": {
				"north": {"uv": [4.25, 6.75, 4.5, 8.25], "texture": "#0"},
				"east": {"uv": [4, 6.75, 4.25, 8.25], "texture": "#0"},
				"south": {"uv": [4.75, 6.75, 5, 8.25], "texture": "#0"},
				"west": {"uv": [4.5, 6.75, 4.75, 8.25], "texture": "#0"},
				"up": {"uv": [4.5, 6.75, 4.25, 6.5], "texture": "#0"},
				"down": {"uv": [4.75, 6.5, 4.5, 6.75], "texture": "#0"}
			}
		},
		{
			"from": [7.5, 7, 5],
			"to": [8.5, 12, 6],
			"rotation": {"angle": 0, "axis": "y", "origin": [8, 13, -2]},
			"faces": {
				"north": {"uv": [2.25, 2.75, 2.5, 4], "texture": "#0"},
				"east": {"uv": [2, 2.75, 2.25, 4], "texture": "#0"},
				"south": {"uv": [2.75, 2.75, 3, 4], "texture": "#0"},
				"west": {"uv": [2.5, 2.75, 2.75, 4], "texture": "#0"},
				"up": {"uv": [2.5, 2.75, 2.25, 2.5], "texture": "#0"},
				"down": {"uv": [2.75, 2.5, 2.5, 2.75], "texture": "#0"}
			}
		},
		{
			"from": [7.5, 8, 4],
			"to": [8.5, 13, 5],
			"rotation": {"angle": 0, "axis": "y", "origin": [8, 13, -2]},
			"faces": {
				"north": {"uv": [0.25, 2.75, 0.5, 4], "texture": "#0"},
				"east": {"uv": [0, 2.75, 0.25, 4], "texture": "#0"},
				"south": {"uv": [0.75, 2.75, 1, 4], "texture": "#0"},
				"west": {"uv": [0.5, 2.75, 0.75, 4], "texture": "#0"},
				"up": {"uv": [0.5, 2.75, 0.25, 2.5], "texture": "#0"},
				"down": {"uv": [0.75, 2.5, 0.5, 2.75], "texture": "#0"}
			}
		},
		{
			"from": [7.5, 1, 15],
			"to": [8.5, 3, 16],
			"rotation": {"angle": 0, "axis": "y", "origin": [8, 13, -2]},
			"faces": {
				"north": {"uv": [7, 0.25, 7.25, 0.75], "texture": "#0"},
				"east": {"uv": [6.75, 0.25, 7, 0.75], "texture": "#0"},
				"south": {"uv": [7.5, 0.25, 7.75, 0.75], "texture": "#0"},
				"west": {"uv": [7.25, 0.25, 7.5, 0.75], "texture": "#0"},
				"up": {"uv": [7.25, 0.25, 7, 0], "texture": "#0"},
				"down": {"uv": [7.5, 0, 7.25, 0.25], "texture": "#0"}
			}
		},
		{
			"from": [7.5, 2, 11],
			"to": [8.5, 8, 12],
			"rotation": {"angle": 0, "axis": "y", "origin": [8, 13, -2]},
			"faces": {
				"north": {"uv": [3.25, 6.75, 3.5, 8.25], "texture": "#0"},
				"east": {"uv": [3, 6.75, 3.25, 8.25], "texture": "#0"},
				"south": {"uv": [3.75, 6.75, 4, 8.25], "texture": "#0"},
				"west": {"uv": [3.5, 6.75, 3.75, 8.25], "texture": "#0"},
				"up": {"uv": [3.5, 6.75, 3.25, 6.5], "texture": "#0"},
				"down": {"uv": [3.75, 6.5, 3.5, 6.75], "texture": "#0"}
			}
		},
		{
			"from": [7.5, 2, 10],
			"to": [8.5, 9, 11],
			"rotation": {"angle": 0, "axis": "y", "origin": [8, 13, -2]},
			"faces": {
				"north": {"uv": [1.25, 0.25, 1.5, 2], "texture": "#0"},
				"east": {"uv": [1, 0.25, 1.25, 2], "texture": "#0"},
				"south": {"uv": [1.75, 0.25, 2, 2], "texture": "#0"},
				"west": {"uv": [1.5, 0.25, 1.75, 2], "texture": "#0"},
				"up": {"uv": [1.5, 0.25, 1.25, 0], "texture": "#0"},
				"down": {"uv": [1.75, 0, 1.5, 0.25], "texture": "#0"}
			}
		},
		{
			"from": [7.5, 3, 9],
			"to": [8.5, 10, 10],
			"rotation": {"angle": 0, "axis": "y", "origin": [8, 13, -2]},
			"faces": {
				"north": {"uv": [0.25, 0.25, 0.5, 2], "texture": "#0"},
				"east": {"uv": [0, 0.25, 0.25, 2], "texture": "#0"},
				"south": {"uv": [0.75, 0.25, 1, 2], "texture": "#0"},
				"west": {"uv": [0.5, 0.25, 0.75, 2], "texture": "#0"},
				"up": {"uv": [0.5, 0.25, 0.25, 0], "texture": "#0"},
				"down": {"uv": [0.75, 0, 0.5, 0.25], "texture": "#0"}
			}
		},
		{
			"from": [7.5, 0, 13],
			"to": [8.5, 6, 14],
			"rotation": {"angle": 0, "axis": "y", "origin": [8, 13, -2]},
			"faces": {
				"north": {"uv": [6.25, 4.25, 6.5, 5.75], "texture": "#0"},
				"east": {"uv": [6, 4.25, 6.25, 5.75], "texture": "#0"},
				"south": {"uv": [6.75, 4.25, 7, 5.75], "texture": "#0"},
				"west": {"uv": [6.5, 4.25, 6.75, 5.75], "texture": "#0"},
				"up": {"uv": [6.5, 4.25, 6.25, 4], "texture": "#0"},
				"down": {"uv": [6.75, 4, 6.5, 4.25], "texture": "#0"}
			}
		},
		{
			"from": [7.5, 1, 12],
			"to": [8.5, 16, 13],
			"rotation": {"angle": 0, "axis": "y", "origin": [8, 13, -2]},
			"faces": {
				"north": {"uv": [0.25, 4.5, 0.5, 8.25], "texture": "#0"},
				"east": {"uv": [0, 4.5, 0.25, 8.25], "texture": "#0"},
				"south": {"uv": [0.75, 4.5, 1, 8.25], "texture": "#0"},
				"west": {"uv": [0.5, 4.5, 0.75, 8.25], "texture": "#0"},
				"up": {"uv": [0.5, 4.5, 0.25, 4.25], "texture": "#0"},
				"down": {"uv": [0.75, 4.25, 0.5, 4.5], "texture": "#0"}
			}
		},
		{
			"from": [7.5, 0, 14],
			"to": [8.5, 4, 15],
			"rotation": {"angle": 0, "axis": "y", "origin": [8, 13, -2]},
			"faces": {
				"north": {"uv": [6.75, 2.75, 7, 3.75], "texture": "#0"},
				"east": {"uv": [6.5, 2.75, 6.75, 3.75], "texture": "#0"},
				"south": {"uv": [7.25, 2.75, 7.5, 3.75], "texture": "#0"},
				"west": {"uv": [7, 2.75, 7.25, 3.75], "texture": "#0"},
				"up": {"uv": [7, 2.75, 6.75, 2.5], "texture": "#0"},
				"down": {"uv": [7.25, 2.5, 7, 2.75], "texture": "#0"}
			}
		},
		{
			"from": [3.5, 8, 9],
			"to": [7.5, 9, 10],
			"rotation": {"angle": 0, "axis": "y", "origin": [8, 13, -2]},
			"faces": {
				"north": {"uv": [5.25, 2.25, 6.25, 2.5], "texture": "#0"},
				"east": {"uv": [5, 2.25, 5.25, 2.5], "texture": "#0"},
				"south": {"uv": [6.5, 2.25, 7.5, 2.5], "texture": "#0"},
				"west": {"uv": [6.25, 2.25, 6.5, 2.5], "texture": "#0"},
				"up": {"uv": [6.25, 2.25, 5.25, 2], "texture": "#0"},
				"down": {"uv": [7.25, 2, 6.25, 2.25], "texture": "#0"}
			}
		},
		{
			"from": [3.5, 7, 8],
			"to": [7.5, 10, 9],
			"rotation": {"angle": 0, "axis": "y", "origin": [8, 13, -2]},
			"faces": {
				"north": {"uv": [3.75, 5.75, 4.75, 6.5], "texture": "#0"},
				"east": {"uv": [3.5, 5.75, 3.75, 6.5], "texture": "#0"},
				"south": {"uv": [5, 5.75, 6, 6.5], "texture": "#0"},
				"west": {"uv": [4.75, 5.75, 5, 6.5], "texture": "#0"},
				"up": {"uv": [4.75, 5.75, 3.75, 5.5], "texture": "#0"},
				"down": {"uv": [5.75, 5.5, 4.75, 5.75], "texture": "#0"}
			}
		},
		{
			"from": [3.5, 7, 6],
			"to": [7.5, 12, 7],
			"rotation": {"angle": 0, "axis": "y", "origin": [8, 13, -2]},
			"faces": {
				"north": {"uv": [1.25, 4.75, 2.25, 6], "texture": "#0"},
				"east": {"uv": [1, 4.75, 1.25, 6], "texture": "#0"},
				"south": {"uv": [2.5, 4.75, 3.5, 6], "texture": "#0"},
				"west": {"uv": [2.25, 4.75, 2.5, 6], "texture": "#0"},
				"up": {"uv": [2.25, 4.75, 1.25, 4.5], "texture": "#0"},
				"down": {"uv": [3.25, 4.5, 2.25, 4.75], "texture": "#0"}
			}
		},
		{
			"from": [3.5, 6, 7],
			"to": [7.5, 11, 8],
			"rotation": {"angle": 0, "axis": "y", "origin": [8, 13, -2]},
			"faces": {
				"north": {"uv": [4.25, 2.75, 5.25, 4], "texture": "#0"},
				"east": {"uv": [4, 2.75, 4.25, 4], "texture": "#0"},
				"south": {"uv": [5.5, 2.75, 6.5, 4], "texture": "#0"},
				"west": {"uv": [5.25, 2.75, 5.5, 4], "texture": "#0"},
				"up": {"uv": [5.25, 2.75, 4.25, 2.5], "texture": "#0"},
				"down": {"uv": [6.25, 2.5, 5.25, 2.75], "texture": "#0"}
			}
		},
		{
			"from": [3.5, 8, 5],
			"to": [7.5, 13, 6],
			"rotation": {"angle": 0, "axis": "y", "origin": [8, 13, -2]},
			"faces": {
				"north": {"uv": [3, 0.25, 4, 1.5], "texture": "#0"},
				"east": {"uv": [2.75, 0.25, 3, 1.5], "texture": "#0"},
				"south": {"uv": [4.25, 0.25, 5.25, 1.5], "texture": "#0"},
				"west": {"uv": [4, 0.25, 4.25, 1.5], "texture": "#0"},
				"up": {"uv": [4, 0.25, 3, 0], "texture": "#0"},
				"down": {"uv": [5, 0, 4, 0.25], "texture": "#0"}
			}
		},
		{
			"from": [3.5, 9, 4],
			"to": [7.5, 12, 5],
			"rotation": {"angle": 0, "axis": "y", "origin": [8, 13, -2]},
			"faces": {
				"north": {"uv": [3.75, 4.75, 4.75, 5.5], "texture": "#0"},
				"east": {"uv": [3.5, 4.75, 3.75, 5.5], "texture": "#0"},
				"south": {"uv": [5, 4.75, 6, 5.5], "texture": "#0"},
				"west": {"uv": [4.75, 4.75, 5, 5.5], "texture": "#0"},
				"up": {"uv": [4.75, 4.75, 3.75, 4.5], "texture": "#0"},
				"down": {"uv": [5.75, 4.5, 4.75, 4.75], "texture": "#0"}
			}
		},
		{
			"from": [3.5, 10, 3],
			"to": [7.5, 11, 4],
			"rotation": {"angle": 0, "axis": "y", "origin": [8, 13, -2]},
			"faces": {
				"north": {"uv": [3, 2, 4, 2.25], "texture": "#0"},
				"east": {"uv": [2.75, 2, 3, 2.25], "texture": "#0"},
				"south": {"uv": [4.25, 2, 5.25, 2.25], "texture": "#0"},
				"west": {"uv": [4, 2, 4.25, 2.25], "texture": "#0"},
				"up": {"uv": [4, 2, 3, 1.75], "texture": "#0"},
				"down": {"uv": [5, 1.75, 4, 2], "texture": "#0"}
			}
		}
	],
	"gui_light": "front",
	"display": {
		"thirdperson_righthand": {
			"rotation": [0, 25, -90],
			"translation": [2.75, 0.25, -2.75],
			"scale": [0.9, 0.9, 0.9]
		},
		"thirdperson_lefthand": {
			"rotation": [-180, -115, -90],
			"translation": [2.75, 0.25, -2.75],
			"scale": [0.9, 0.9, 0.9]
		},
		"firstperson_righthand": {
			"rotation": [0, 35, -90],
			"translation": [1.65, -1, -2.5],
			"scale": [0.9, 0.9, 0.9]
		},
		"firstperson_lefthand": {
			"rotation": [-180, -125, -90],
			"translation": [1.7, -1, -2.5],
			"scale": [0.9, 0.9, 0.9]
		},
		"ground": {
			"translation": [0, 3.25, 0],
			"scale": [0.5, 0.5, 0.5]
		},
		"gui": {
			"rotation": [0, 90, 0]
		},
		"head": {
			"rotation": [0, 45, -90],
			"translation": [0, 6.75, -2]
		},
		"fixed": {
			"rotation": [0, -90, 0]
		}
	},
	"groups": [
		{
			"name": "auto_crossbow_arrow",
			"origin": [8, 8, 8],
			"children": [
				{
					"name": "string",
					"origin": [8, 8, 8],
					"children": [0]
				},
				{
					"name": "stick",
					"origin": [8, 8, 8],
					"children": [1, 2, 3, 4, 5, 6, 7, 8, 9, 10, 11, 12, 13, 14, 15, 16, 17, 18, 19, 20, 21]
				},
				{
					"name": "loader",
					"origin": [8, 8, 8],
					"children": [22, 23, 24, 25, 26, 27, 28]
				}
			]
		}
	]
}