{
	"texture_size": [32, 32],
	"textures": {
		"0": "minecraft:optifine/cit/icons/minecraft_dungeons/icons_ranged/rapid_crossbow_standby",
		"particle": "minecraft:optifine/cit/icons/minecraft_dungeons/icons_ranged/rapid_crossbow_standby"
	},
	"elements": [
		{
			"from": [7.5, 5, 5],
			"to": [8.5, 6, 6],
			"rotation": {"angle": 0, "axis": "y", "origin": [8, 13, -2]},
			"faces": {
				"north": {"uv": [4, 14, 4.5, 14.5], "texture": "#0"},
				"east": {"uv": [3.5, 14, 4, 14.5], "texture": "#0"},
				"south": {"uv": [5, 14, 5.5, 14.5], "texture": "#0"},
				"west": {"uv": [4.5, 14, 5, 14.5], "texture": "#0"},
				"up": {"uv": [4.5, 14, 4, 13.5], "texture": "#0"},
				"down": {"uv": [5, 13.5, 4.5, 14], "texture": "#0"}
			}
		},
		{
			"from": [7.5, 4, 4],
			"to": [8.5, 5, 5],
			"rotation": {"angle": 0, "axis": "y", "origin": [8, 13, -2]},
			"faces": {
				"north": {"uv": [13.5, 5.5, 14, 6], "texture": "#0"},
				"east": {"uv": [13, 5.5, 13.5, 6], "texture": "#0"},
				"south": {"uv": [14.5, 5.5, 15, 6], "texture": "#0"},
				"west": {"uv": [14, 5.5, 14.5, 6], "texture": "#0"},
				"up": {"uv": [14, 5.5, 13.5, 5], "texture": "#0"},
				"down": {"uv": [14.5, 5, 14, 5.5], "texture": "#0"}
			}
		},
		{
			"from": [7.5, 3, 0],
			"to": [8.5, 4, 4],
			"rotation": {"angle": 0, "axis": "y", "origin": [8, 13, -2]},
			"faces": {
				"north": {"uv": [6, 2, 6.5, 2.5], "texture": "#0"},
				"east": {"uv": [4, 2, 6, 2.5], "texture": "#0"},
				"south": {"uv": [8.5, 2, 9, 2.5], "texture": "#0"},
				"west": {"uv": [6.5, 2, 8.5, 2.5], "texture": "#0"},
				"up": {"uv": [6.5, 2, 6, 0], "texture": "#0"},
				"down": {"uv": [7, 0, 6.5, 2], "texture": "#0"}
			}
		},
		{
			"from": [7.5, 10, 10],
			"to": [8.5, 11, 11],
			"rotation": {"angle": 0, "axis": "y", "origin": [8, 13, -2]},
			"faces": {
				"north": {"uv": [13.5, 3, 14, 3.5], "texture": "#0"},
				"east": {"uv": [13, 3, 13.5, 3.5], "texture": "#0"},
				"south": {"uv": [14.5, 3, 15, 3.5], "texture": "#0"},
				"west": {"uv": [14, 3, 14.5, 3.5], "texture": "#0"},
				"up": {"uv": [14, 3, 13.5, 2.5], "texture": "#0"},
				"down": {"uv": [14.5, 2.5, 14, 3], "texture": "#0"}
			}
		},
		{
			"from": [7.5, 11, 11],
			"to": [8.5, 12, 12],
			"rotation": {"angle": 0, "axis": "y", "origin": [8, 13, -2]},
			"faces": {
				"north": {"uv": [13, 12, 13.5, 12.5], "texture": "#0"},
				"east": {"uv": [12.5, 12, 13, 12.5], "texture": "#0"},
				"south": {"uv": [14, 12, 14.5, 12.5], "texture": "#0"},
				"west": {"uv": [13.5, 12, 14, 12.5], "texture": "#0"},
				"up": {"uv": [13.5, 12, 13, 11.5], "texture": "#0"},
				"down": {"uv": [14, 11.5, 13.5, 12], "texture": "#0"}
			}
		},
		{
			"from": [7.5, 12, 12],
			"to": [8.5, 16, 13],
			"rotation": {"angle": 0, "axis": "y", "origin": [8, 13, -2]},
			"faces": {
				"north": {"uv": [12.5, 0.5, 13, 2.5], "texture": "#0"},
				"east": {"uv": [12, 0.5, 12.5, 2.5], "texture": "#0"},
				"south": {"uv": [13.5, 0.5, 14, 2.5], "texture": "#0"},
				"west": {"uv": [13, 0.5, 13.5, 2.5], "texture": "#0"},
				"up": {"uv": [13, 0.5, 12.5, 0], "texture": "#0"},
				"down": {"uv": [13.5, 0, 13, 0.5], "texture": "#0"}
			}
		},
		{
			"from": [7.5, 4, 8],
			"to": [8.5, 11, 9],
			"rotation": {"angle": 0, "axis": "y", "origin": [8, 13, -2]},
			"faces": {
				"north": {"uv": [4.5, 7.5, 5, 11], "texture": "#0"},
				"east": {"uv": [4, 7.5, 4.5, 11], "texture": "#0"},
				"south": {"uv": [5.5, 7.5, 6, 11], "texture": "#0"},
				"west": {"uv": [5, 7.5, 5.5, 11], "texture": "#0"},
				"up": {"uv": [5, 7.5, 4.5, 7], "texture": "#0"},
				"down": {"uv": [5.5, 7, 5, 7.5], "texture": "#0"}
			}
		},
		{
			"from": [7.5, 2, 1],
			"to": [8.5, 3, 3],
			"rotation": {"angle": 0, "axis": "y", "origin": [8, 13, -2]},
			"faces": {
				"north": {"uv": [8.5, 13, 9, 13.5], "texture": "#0"},
				"east": {"uv": [7.5, 13, 8.5, 13.5], "texture": "#0"},
				"south": {"uv": [10, 13, 10.5, 13.5], "texture": "#0"},
				"west": {"uv": [9, 13, 10, 13.5], "texture": "#0"},
				"up": {"uv": [9, 13, 8.5, 12], "texture": "#0"},
				"down": {"uv": [9.5, 12, 9, 13], "texture": "#0"}
			}
		},
		{
			"from": [7.5, 4, 1],
			"to": [8.5, 8, 2],
			"rotation": {"angle": 0, "axis": "y", "origin": [8, 13, -2]},
			"faces": {
				"north": {"uv": [12, 6, 12.5, 8], "texture": "#0"},
				"east": {"uv": [11.5, 6, 12, 8], "texture": "#0"},
				"south": {"uv": [13, 6, 13.5, 8], "texture": "#0"},
				"west": {"uv": [12.5, 6, 13, 8], "texture": "#0"},
				"up": {"uv": [12.5, 6, 12, 5.5], "texture": "#0"},
				"down": {"uv": [13, 5.5, 12.5, 6], "texture": "#0"}
			}
		},
		{
			"from": [7.5, 4, 2],
			"to": [8.5, 10, 3],
			"rotation": {"angle": 0, "axis": "y", "origin": [8, 13, -2]},
			"faces": {
				"north": {"uv": [0.5, 11.5, 1, 14.5], "texture": "#0"},
				"east": {"uv": [0, 11.5, 0.5, 14.5], "texture": "#0"},
				"south": {"uv": [1.5, 11.5, 2, 14.5], "texture": "#0"},
				"west": {"uv": [1, 11.5, 1.5, 14.5], "texture": "#0"},
				"up": {"uv": [1, 11.5, 0.5, 11], "texture": "#0"},
				"down": {"uv": [1.5, 11, 1, 11.5], "texture": "#0"}
			}
		},
		{
			"from": [7.5, 14, 8],
			"to": [8.5, 15, 12],
			"rotation": {"angle": 0, "axis": "y", "origin": [8, 13, -2]},
			"faces": {
				"north": {"uv": [6, 6, 6.5, 6.5], "texture": "#0"},
				"east": {"uv": [4, 6, 6, 6.5], "texture": "#0"},
				"south": {"uv": [8.5, 6, 9, 6.5], "texture": "#0"},
				"west": {"uv": [6.5, 6, 8.5, 6.5], "texture": "#0"},
				"up": {"uv": [6.5, 6, 6, 4], "texture": "#0"},
				"down": {"uv": [7, 4, 6.5, 6], "texture": "#0"}
			}
		},
		{
			"from": [7.5, 13, 6],
			"to": [8.5, 14, 12],
			"rotation": {"angle": 0, "axis": "y", "origin": [8, 13, -2]},
			"faces": {
				"north": {"uv": [3, 6.5, 3.5, 7], "texture": "#0"},
				"east": {"uv": [0, 6.5, 3, 7], "texture": "#0"},
				"south": {"uv": [6.5, 6.5, 7, 7], "texture": "#0"},
				"west": {"uv": [3.5, 6.5, 6.5, 7], "texture": "#0"},
				"up": {"uv": [3.5, 6.5, 3, 3.5], "texture": "#0"},
				"down": {"uv": [4, 3.5, 3.5, 6.5], "texture": "#0"}
			}
		},
		{
			"from": [7.5, 12, 5],
			"to": [8.5, 13, 11],
			"rotation": {"angle": 0, "axis": "y", "origin": [8, 13, -2]},
			"faces": {
				"north": {"uv": [3, 3, 3.5, 3.5], "texture": "#0"},
				"east": {"uv": [0, 3, 3, 3.5], "texture": "#0"},
				"south": {"uv": [6.5, 3, 7, 3.5], "texture": "#0"},
				"west": {"uv": [3.5, 3, 6.5, 3.5], "texture": "#0"},
				"up": {"uv": [3.5, 3, 3, 0], "texture": "#0"},
				"down": {"uv": [4, 0, 3.5, 3], "texture": "#0"}
			}
		},
		{
			"from": [7.5, 5, 3],
			"to": [8.5, 11, 4],
			"rotation": {"angle": 0, "axis": "y", "origin": [8, 13, -2]},
			"faces": {
				"north": {"uv": [11, 11, 11.5, 14], "texture": "#0"},
				"east": {"uv": [10.5, 11, 11, 14], "texture": "#0"},
				"south": {"uv": [12, 11, 12.5, 14], "texture": "#0"},
				"west": {"uv": [11.5, 11, 12, 14], "texture": "#0"},
				"up": {"uv": [11.5, 11, 11, 10.5], "texture": "#0"},
				"down": {"uv": [12, 10.5, 11.5, 11], "texture": "#0"}
			}
		},
		{
			"from": [7.5, 13, 13],
			"to": [8.5, 15, 14],
			"rotation": {"angle": 0, "axis": "y", "origin": [8, 13, -2]},
			"faces": {
				"north": {"uv": [13.5, 8, 14, 9], "texture": "#0"},
				"east": {"uv": [13, 8, 13.5, 9], "texture": "#0"},
				"south": {"uv": [14.5, 8, 15, 9], "texture": "#0"},
				"west": {"uv": [14, 8, 14.5, 9], "texture": "#0"},
				"up": {"uv": [14, 8, 13.5, 7.5], "texture": "#0"},
				"down": {"uv": [14.5, 7.5, 14, 8], "texture": "#0"}
			}
		},
		{
			"from": [7.5, 5, 7],
			"to": [8.5, 12, 8],
			"rotation": {"angle": 0, "axis": "y", "origin": [8, 13, -2]},
			"faces": {
				"north": {"uv": [2.5, 7.5, 3, 11], "texture": "#0"},
				"east": {"uv": [2, 7.5, 2.5, 11], "texture": "#0"},
				"south": {"uv": [3.5, 7.5, 4, 11], "texture": "#0"},
				"west": {"uv": [3, 7.5, 3.5, 11], "texture": "#0"},
				"up": {"uv": [3, 7.5, 2.5, 7], "texture": "#0"},
				"down": {"uv": [3.5, 7, 3, 7.5], "texture": "#0"}
			}
		},
		{
			"from": [7.5, 6, 6],
			"to": [8.5, 12, 7],
			"rotation": {"angle": 0, "axis": "y", "origin": [8, 13, -2]},
			"faces": {
				"north": {"uv": [6, 11, 6.5, 14], "texture": "#0"},
				"east": {"uv": [5.5, 11, 6, 14], "texture": "#0"},
				"south": {"uv": [7, 11, 7.5, 14], "texture": "#0"},
				"west": {"uv": [6.5, 11, 7, 14], "texture": "#0"},
				"up": {"uv": [6.5, 11, 6, 10.5], "texture": "#0"},
				"down": {"uv": [7, 10.5, 6.5, 11], "texture": "#0"}
			}
		},
		{
			"from": [7.5, 7, 5],
			"to": [8.5, 12, 6],
			"rotation": {"angle": 0, "axis": "y", "origin": [8, 13, -2]},
			"faces": {
				"north": {"uv": [2.5, 11.5, 3, 14], "texture": "#0"},
				"east": {"uv": [2, 11.5, 2.5, 14], "texture": "#0"},
				"south": {"uv": [3.5, 11.5, 4, 14], "texture": "#0"},
				"west": {"uv": [3, 11.5, 3.5, 14], "texture": "#0"},
				"up": {"uv": [3, 11.5, 2.5, 11], "texture": "#0"},
				"down": {"uv": [3.5, 11, 3, 11.5], "texture": "#0"}
			}
		},
		{
			"from": [7.5, 8, 4],
			"to": [8.5, 12, 5],
			"rotation": {"angle": 0, "axis": "y", "origin": [8, 13, -2]},
			"faces": {
				"north": {"uv": [12, 3.5, 12.5, 5.5], "texture": "#0"},
				"east": {"uv": [11.5, 3.5, 12, 5.5], "texture": "#0"},
				"south": {"uv": [13, 3.5, 13.5, 5.5], "texture": "#0"},
				"west": {"uv": [12.5, 3.5, 13, 5.5], "texture": "#0"},
				"up": {"uv": [12.5, 3.5, 12, 3], "texture": "#0"},
				"down": {"uv": [13, 3, 12.5, 3.5], "texture": "#0"}
			}
		},
		{
			"from": [7.5, 1, 15],
			"to": [8.5, 3, 16],
			"rotation": {"angle": 0, "axis": "y", "origin": [8, 13, -2]},
			"faces": {
				"north": {"uv": [4.5, 0.5, 5, 1.5], "texture": "#0"},
				"east": {"uv": [4, 0.5, 4.5, 1.5], "texture": "#0"},
				"south": {"uv": [5.5, 0.5, 6, 1.5], "texture": "#0"},
				"west": {"uv": [5, 0.5, 5.5, 1.5], "texture": "#0"},
				"up": {"uv": [5, 0.5, 4.5, 0], "texture": "#0"},
				"down": {"uv": [5.5, 0, 5, 0.5], "texture": "#0"}
			}
		},
		{
			"from": [7.5, 2, 11],
			"to": [8.5, 8, 12],
			"rotation": {"angle": 0, "axis": "y", "origin": [8, 13, -2]},
			"faces": {
				"north": {"uv": [10.5, 0.5, 11, 3.5], "texture": "#0"},
				"east": {"uv": [10, 0.5, 10.5, 3.5], "texture": "#0"},
				"south": {"uv": [11.5, 0.5, 12, 3.5], "texture": "#0"},
				"west": {"uv": [11, 0.5, 11.5, 3.5], "texture": "#0"},
				"up": {"uv": [11, 0.5, 10.5, 0], "texture": "#0"},
				"down": {"uv": [11.5, 0, 11, 0.5], "texture": "#0"}
			}
		},
		{
			"from": [7.5, 2, 10],
			"to": [8.5, 9, 11],
			"rotation": {"angle": 0, "axis": "y", "origin": [8, 13, -2]},
			"faces": {
				"north": {"uv": [0.5, 7.5, 1, 11], "texture": "#0"},
				"east": {"uv": [0, 7.5, 0.5, 11], "texture": "#0"},
				"south": {"uv": [1.5, 7.5, 2, 11], "texture": "#0"},
				"west": {"uv": [1, 7.5, 1.5, 11], "texture": "#0"},
				"up": {"uv": [1, 7.5, 0.5, 7], "texture": "#0"},
				"down": {"uv": [1.5, 7, 1, 7.5], "texture": "#0"}
			}
		},
		{
			"from": [7.5, 3, 9],
			"to": [8.5, 10, 10],
			"rotation": {"angle": 0, "axis": "y", "origin": [8, 13, -2]},
			"faces": {
				"north": {"uv": [7, 7, 7.5, 10.5], "texture": "#0"},
				"east": {"uv": [6.5, 7, 7, 10.5], "texture": "#0"},
				"south": {"uv": [8, 7, 8.5, 10.5], "texture": "#0"},
				"west": {"uv": [7.5, 7, 8, 10.5], "texture": "#0"},
				"up": {"uv": [7.5, 7, 7, 6.5], "texture": "#0"},
				"down": {"uv": [8, 6.5, 7.5, 7], "texture": "#0"}
			}
		},
		{
			"from": [7.5, 0, 13],
			"to": [8.5, 6, 14],
			"rotation": {"angle": 0, "axis": "y", "origin": [8, 13, -2]},
			"faces": {
				"north": {"uv": [10, 5.5, 10.5, 8.5], "texture": "#0"},
				"east": {"uv": [9.5, 5.5, 10, 8.5], "texture": "#0"},
				"south": {"uv": [11, 5.5, 11.5, 8.5], "texture": "#0"},
				"west": {"uv": [10.5, 5.5, 11, 8.5], "texture": "#0"},
				"up": {"uv": [10.5, 5.5, 10, 5], "texture": "#0"},
				"down": {"uv": [11, 5, 10.5, 5.5], "texture": "#0"}
			}
		},
		{
			"from": [7.5, 1, 12],
			"to": [8.5, 7, 13],
			"rotation": {"angle": 0, "axis": "y", "origin": [8, 13, -2]},
			"faces": {
				"north": {"uv": [9, 9, 9.5, 12], "texture": "#0"},
				"east": {"uv": [8.5, 9, 9, 12], "texture": "#0"},
				"south": {"uv": [10, 9, 10.5, 12], "texture": "#0"},
				"west": {"uv": [9.5, 9, 10, 12], "texture": "#0"},
				"up": {"uv": [9.5, 9, 9, 8.5], "texture": "#0"},
				"down": {"uv": [10, 8.5, 9.5, 9], "texture": "#0"}
			}
		},
		{
			"from": [7.5, 0, 14],
			"to": [8.5, 4, 15],
			"rotation": {"angle": 0, "axis": "y", "origin": [8, 13, -2]},
			"faces": {
				"north": {"uv": [4.5, 4, 5, 6], "texture": "#0"},
				"east": {"uv": [4, 4, 4.5, 6], "texture": "#0"},
				"south": {"uv": [5.5, 4, 6, 6], "texture": "#0"},
				"west": {"uv": [5, 4, 5.5, 6], "texture": "#0"},
				"up": {"uv": [5, 4, 4.5, 3.5], "texture": "#0"},
				"down": {"uv": [5.5, 3.5, 5, 4], "texture": "#0"}
			}
		},
		{
			"from": [5.5, 8, 9],
			"to": [7.5, 9, 10],
			"rotation": {"angle": 0, "axis": "y", "origin": [8, 13, -2]},
			"faces": {
				"north": {"uv": [13, 11, 14, 11.5], "texture": "#0"},
				"east": {"uv": [12.5, 11, 13, 11.5], "texture": "#0"},
				"south": {"uv": [14.5, 11, 15.5, 11.5], "texture": "#0"},
				"west": {"uv": [14, 11, 14.5, 11.5], "texture": "#0"},
				"up": {"uv": [14, 11, 13, 10.5], "texture": "#0"},
				"down": {"uv": [15, 10.5, 14, 11], "texture": "#0"}
			}
		},
		{
			"from": [5.5, 7, 8],
			"to": [7.5, 10, 9],
			"rotation": {"angle": 0, "axis": "y", "origin": [8, 13, -2]},
			"faces": {
				"north": {"uv": [7.5, 0.5, 8.5, 2], "texture": "#0"},
				"east": {"uv": [7, 0.5, 7.5, 2], "texture": "#0"},
				"south": {"uv": [9, 0.5, 10, 2], "texture": "#0"},
				"west": {"uv": [8.5, 0.5, 9, 2], "texture": "#0"},
				"up": {"uv": [8.5, 0.5, 7.5, 0], "texture": "#0"},
				"down": {"uv": [9.5, 0, 8.5, 0.5], "texture": "#0"}
			}
		},
		{
			"from": [5.5, 7, 6],
			"to": [7.5, 12, 7],
			"rotation": {"angle": 0, "axis": "y", "origin": [8, 13, -2]},
			"faces": {
				"north": {"uv": [7.5, 3, 8.5, 5.5], "texture": "#0"},
				"east": {"uv": [7, 3, 7.5, 5.5], "texture": "#0"},
				"south": {"uv": [9, 3, 10, 5.5], "texture": "#0"},
				"west": {"uv": [8.5, 3, 9, 5.5], "texture": "#0"},
				"up": {"uv": [8.5, 3, 7.5, 2.5], "texture": "#0"},
				"down": {"uv": [9.5, 2.5, 8.5, 3], "texture": "#0"}
			}
		},
		{
			"from": [5.5, 6, 7],
			"to": [7.5, 11, 8],
			"rotation": {"angle": 0, "axis": "y", "origin": [8, 13, -2]},
			"faces": {
				"north": {"uv": [0.5, 4, 1.5, 6.5], "texture": "#0"},
				"east": {"uv": [0, 4, 0.5, 6.5], "texture": "#0"},
				"south": {"uv": [2, 4, 3, 6.5], "texture": "#0"},
				"west": {"uv": [1.5, 4, 2, 6.5], "texture": "#0"},
				"up": {"uv": [1.5, 4, 0.5, 3.5], "texture": "#0"},
				"down": {"uv": [2.5, 3.5, 1.5, 4], "texture": "#0"}
			}
		},
		{
			"from": [5.5, 8, 5],
			"to": [7.5, 13, 6],
			"rotation": {"angle": 0, "axis": "y", "origin": [8, 13, -2]},
			"faces": {
				"north": {"uv": [0.5, 0.5, 1.5, 3], "texture": "#0"},
				"east": {"uv": [0, 0.5, 0.5, 3], "texture": "#0"},
				"south": {"uv": [2, 0.5, 3, 3], "texture": "#0"},
				"west": {"uv": [1.5, 0.5, 2, 3], "texture": "#0"},
				"up": {"uv": [1.5, 0.5, 0.5, 0], "texture": "#0"},
				"down": {"uv": [2.5, 0, 1.5, 0.5], "texture": "#0"}
			}
		},
		{
			"from": [5.5, 9, 4],
			"to": [7.5, 12, 5],
			"rotation": {"angle": 0, "axis": "y", "origin": [8, 13, -2]},
			"faces": {
				"north": {"uv": [11, 9, 12, 10.5], "texture": "#0"},
				"east": {"uv": [10.5, 9, 11, 10.5], "texture": "#0"},
				"south": {"uv": [12.5, 9, 13.5, 10.5], "texture": "#0"},
				"west": {"uv": [12, 9, 12.5, 10.5], "texture": "#0"},
				"up": {"uv": [12, 9, 11, 8.5], "texture": "#0"},
				"down": {"uv": [13, 8.5, 12, 9], "texture": "#0"}
			}
		},
		{
			"from": [5.5, 10, 3],
			"to": [7.5, 11, 4],
			"rotation": {"angle": 0, "axis": "y", "origin": [8, 13, -2]},
			"faces": {
				"north": {"uv": [13, 13, 14, 13.5], "texture": "#0"},
				"east": {"uv": [12.5, 13, 13, 13.5], "texture": "#0"},
				"south": {"uv": [14.5, 13, 15.5, 13.5], "texture": "#0"},
				"west": {"uv": [14, 13, 14.5, 13.5], "texture": "#0"},
				"up": {"uv": [14, 13, 13, 12.5], "texture": "#0"},
				"down": {"uv": [15, 12.5, 14, 13], "texture": "#0"}
			}
		}
	],
	"gui_light": "front",
	"display": {
		"thirdperson_righthand": {
			"rotation": [0, 25, -90],
			"translation": [2.75, 0.25, -2.75],
			"scale": [0.9, 0.9, 0.9]
		},
		"thirdperson_lefthand": {
			"rotation": [-180, -115, -90],
			"translation": [2.75, 0.25, -2.75],
			"scale": [0.9, 0.9, 0.9]
		},
		"firstperson_righthand": {
			"rotation": [0, 35, -90],
			"translation": [1.65, 1.5, -2.5],
			"scale": [0.9, 0.9, 0.9]
		},
		"firstperson_lefthand": {
			"rotation": [-180, -125, -90],
			"translation": [1.7, 1.5, -2.5],
			"scale": [0.9, 0.9, 0.9]
		},
		"ground": {
			"translation": [0, 3.25, 0],
			"scale": [0.5, 0.5, 0.5]
		},
		"gui": {
			"rotation": [0, 90, 0]
		},
		"head": {
			"rotation": [0, 45, -90],
			"translation": [0, 6.75, -2]
		},
		"fixed": {
			"rotation": [0, -90, 0]
		}
	},
	"groups": [
		{
			"name": "rapid_crossbow_standby",
			"origin": [8, 8, 8],
			"children": [
				{
					"name": "string",
					"origin": [8, 8, 8],
					"children": [0, 1, 2, 3, 4, 5]
				},
				{
					"name": "stick",
					"origin": [8, 8, 8],
					"children": [6, 7, 8, 9, 10, 11, 12, 13, 14, 15, 16, 17, 18, 19, 20, 21, 22, 23, 24, 25]
				},
				{
					"name": "loader",
					"origin": [8, 8, 8],
					"children": [26, 27, 28, 29, 30, 31, 32]
				}
			]
		}
	]
}