{
    "parent": "item/generated",
    "textures": {
        "layer0": "item/crossbow_standby"
    },
    "display": {
        "thirdperson_righthand": {
            "rotation": [ -90, 0, -60 ],
            "translation": [ 2, 0.1, -3 ],
            "scale": [ 1.8, 1.8, 0.9 ]
        },
        "thirdperson_lefthand": {
            "rotation": [ -90, 0, 30 ],
            "translation": [ 2, 0.1, -3 ],
            "scale": [ 1.8, 1.8, 0.9 ]
        },
        "firstperson_righthand": {
            "rotation": [ -90, 0, -55 ],
            "translation": [ 1.13, 3.2, 1.13],
            "scale": [ 1.36, 1.36, 0.68 ]
        },
        "firstperson_lefthand": {
            "rotation": [ -90, 0, 35 ],
            "translation": [ 1.13, 3.2, 1.13],
            "scale": [ 1.36, 1.36, 0.68 ]
        }
,
        "ground": {
            "rotation": [ 0, 0, 0 ],
            "translation": [ 0, 0, 0 ],
            "scale": [ 1.0, 1.0, 0.5 ]
        },
        "fixed": {
            "rotation": [ 0, 180, 0 ],
            "translation": [ 0, 0, 0 ],
            "scale": [ 2.0, 2.0, 1.0 ]
        },
        "gui": {
            "rotation": [ 0, 0, 0 ],
            "translation": [ -0.5, -0.5, 0 ],
            "scale": [ 1.9, 1.9, 1.0 ]
        }
    },
    "overrides": [
        {
            "predicate": {
                "pulling": 1
            },
            "model": "item/crossbow_pulling_0"
        },
        {
            "predicate": {
                "pulling": 1,
                "pull": 0.58
            },
            "model": "item/crossbow_pulling_1"
        },
        {
            "predicate": {
                "pulling": 1,
                "pull": 1.0
            },
            "model": "item/crossbow_pulling_2"
        },
        {
            "predicate": {
                "charged": 1
            },
            "model": "item/crossbow_arrow"
        },
        {
            "predicate": {
                "charged": 1,
                "firework": 1
            },
            "model": "item/crossbow_firework"
        }
    ]
}
