{
	"texture_size": [64, 64],
	"textures": {
		"0": "minecraft:optifine/cit/icons/minecraft_dungeons/icons_shield/royal_guard_shield",
		"particle": "minecraft:optifine/cit/icons/minecraft_dungeons/icons_shield/royal_guard_shield"
	},
	"elements": [
		{
			"from": [7.5, -2, 1],
			"to": [8.5, 20, 15],
			"rotation": {"angle": 0, "axis": "y", "origin": [14, 16, 16]},
			"faces": {
				"north": {"uv": [3.5, 3.5, 3.75, 9], "texture": "#0"},
				"east": {"uv": [0, 3.5, 3.5, 9], "texture": "#0"},
				"south": {"uv": [7.25, 3.5, 7.5, 9], "texture": "#0"},
				"west": {"uv": [3.75, 3.5, 7.25, 9], "texture": "#0"},
				"up": {"uv": [3.75, 3.5, 3.5, 0], "texture": "#0"},
				"down": {"uv": [4, 0, 3.75, 3.5], "texture": "#0"}
			}
		},
		{
			"from": [8.5, 6, 7],
			"to": [14.5, 12, 9],
			"rotation": {"angle": 0, "axis": "y", "origin": [15, 16, 16]},
			"faces": {
				"north": {"uv": [4.5, 0.5, 6, 2], "texture": "#0"},
				"east": {"uv": [4, 0.5, 4.5, 2], "texture": "#0"},
				"south": {"uv": [6.5, 0.5, 8, 2], "texture": "#0"},
				"west": {"uv": [6, 0.5, 6.5, 2], "texture": "#0"},
				"up": {"uv": [6, 0.5, 4.5, 0], "texture": "#0"},
				"down": {"uv": [7.5, 0, 6, 0.5], "texture": "#0"}
			}
		}
	],
	"gui_light": "front",
	"display": {
		"thirdperson_righthand": {
			"rotation": [-180, 0, -180],
			"translation": [3.5, -3, 4]
		},
		"thirdperson_lefthand": {
			"translation": [3.5, -3, 4]
		},
		"firstperson_righthand": {
			"rotation": [5, -90, 0],
			"translation": [0, -9, -2.75]
		},
		"firstperson_lefthand": {
			"rotation": [5, 90, 0],
			"translation": [0, -9, -2.75]
		},
		"ground": {
			"translation": [1.75, 1.75, 0],
			"scale": [0.25, 0.25, 0.25]
		},
		"gui": {
			"rotation": [13, 65, -7],
			"translation": [0, -0.75, 0],
			"scale": [0.7, 0.7, 0.7]
		},
		"head": {
			"rotation": [0, 90, 0],
			"translation": [-9.75, -11, -6.75]
		},
		"fixed": {
			"rotation": [0, -90, 0],
			"translation": [1.75, -0.75, -2.25],
			"scale": [0.6, 0.6, 0.6]
		}
	},
	"groups": [
		{
			"name": "royal_guard_shield",
			"origin": [8, 8, 8],
			"children": [
				{
					"name": "body",
					"origin": [9, 15, 16],
					"children": [0]
				},
				{
					"name": "handle",
					"origin": [8, 8, 8],
					"children": [1]
				}
			]
		}
	]
}