{
	"texture_size": [64, 64],
	"textures": {
		"0": "minecraft:optifine/cit/icons/minecraft_dungeons/icons_shield/vanguard_shield",
		"particle": "minecraft:optifine/cit/icons/minecraft_dungeons/icons_shield/vanguard_shield"
	},
	"elements": [
		{
			"from": [7.5, 0, 3],
			"to": [8.5, 19, 13],
			"rotation": {"angle": 0, "axis": "y", "origin": [14, 16, 16]},
			"faces": {
				"north": {"uv": [2.5, 2.5, 2.75, 7.25], "texture": "#0"},
				"east": {"uv": [0, 2.5, 2.5, 7.25], "texture": "#0"},
				"south": {"uv": [5.25, 2.5, 5.5, 7.25], "texture": "#0"},
				"west": {"uv": [2.75, 2.5, 5.25, 7.25], "texture": "#0"},
				"up": {"uv": [2.75, 2.5, 2.5, 0], "texture": "#0"},
				"down": {"uv": [3, 0, 2.75, 2.5], "texture": "#0"}
			}
		},
		{
			"from": [7.5, 10, 2],
			"to": [8.5, 19, 3],
			"rotation": {"angle": 0, "axis": "y", "origin": [14, 16, 16]},
			"faces": {
				"north": {"uv": [1.25, 0.25, 1.5, 2.5], "texture": "#0"},
				"east": {"uv": [1, 0.25, 1.25, 2.5], "texture": "#0"},
				"south": {"uv": [1.75, 0.25, 2, 2.5], "texture": "#0"},
				"west": {"uv": [1.5, 0.25, 1.75, 2.5], "texture": "#0"},
				"up": {"uv": [1.5, 0.25, 1.25, 0], "texture": "#0"},
				"down": {"uv": [1.75, 0, 1.5, 0.25], "texture": "#0"}
			}
		},
		{
			"from": [7.5, 10, 13],
			"to": [8.5, 19, 14],
			"rotation": {"angle": 0, "axis": "y", "origin": [14, 16, 27]},
			"faces": {
				"north": {"uv": [0.25, 0.25, 0.5, 2.5], "texture": "#0"},
				"east": {"uv": [0, 0.25, 0.25, 2.5], "texture": "#0"},
				"south": {"uv": [0.75, 0.25, 1, 2.5], "texture": "#0"},
				"west": {"uv": [0.5, 0.25, 0.75, 2.5], "texture": "#0"},
				"up": {"uv": [0.5, 0.25, 0.25, 0], "texture": "#0"},
				"down": {"uv": [0.75, 0, 0.5, 0.25], "texture": "#0"}
			}
		},
		{
			"from": [7.5, 10, 14],
			"to": [8.5, 15, 16],
			"rotation": {"angle": 0, "axis": "y", "origin": [14, 16, 28]},
			"faces": {
				"north": {"uv": [6, 4.25, 6.25, 5.5], "texture": "#0"},
				"east": {"uv": [5.5, 4.25, 6, 5.5], "texture": "#0"},
				"south": {"uv": [6.75, 4.25, 7, 5.5], "texture": "#0"},
				"west": {"uv": [6.25, 4.25, 6.75, 5.5], "texture": "#0"},
				"up": {"uv": [6.25, 4.25, 6, 3.75], "texture": "#0"},
				"down": {"uv": [6.5, 3.75, 6.25, 4.25], "texture": "#0"}
			}
		},
		{
			"from": [7.5, 10, 0],
			"to": [8.5, 15, 2],
			"rotation": {"angle": 0, "axis": "y", "origin": [14, 16, 28]},
			"faces": {
				"north": {"uv": [6, 2.5, 6.25, 3.75], "texture": "#0"},
				"east": {"uv": [5.5, 2.5, 6, 3.75], "texture": "#0"},
				"south": {"uv": [6.75, 2.5, 7, 3.75], "texture": "#0"},
				"west": {"uv": [6.25, 2.5, 6.75, 3.75], "texture": "#0"},
				"up": {"uv": [6.25, 2.5, 6, 2], "texture": "#0"},
				"down": {"uv": [6.5, 2, 6.25, 2.5], "texture": "#0"}
			}
		},
		{
			"from": [7.5, 19, 5],
			"to": [8.5, 21, 11],
			"rotation": {"angle": 0, "axis": "y", "origin": [14, 25, 21]},
			"faces": {
				"north": {"uv": [7, 7, 7.25, 7.5], "texture": "#0"},
				"east": {"uv": [5.5, 7, 7, 7.5], "texture": "#0"},
				"south": {"uv": [8.75, 7, 9, 7.5], "texture": "#0"},
				"west": {"uv": [7.25, 7, 8.75, 7.5], "texture": "#0"},
				"up": {"uv": [7.25, 7, 7, 5.5], "texture": "#0"},
				"down": {"uv": [7.5, 5.5, 7.25, 7], "texture": "#0"}
			}
		},
		{
			"from": [8.5, 6, 7],
			"to": [14.5, 12, 9],
			"rotation": {"angle": 0, "axis": "y", "origin": [15, 16, 16]},
			"faces": {
				"north": {"uv": [3.5, 0.5, 5, 2], "texture": "#0"},
				"east": {"uv": [3, 0.5, 3.5, 2], "texture": "#0"},
				"south": {"uv": [5.5, 0.5, 7, 2], "texture": "#0"},
				"west": {"uv": [5, 0.5, 5.5, 2], "texture": "#0"},
				"up": {"uv": [5, 0.5, 3.5, 0], "texture": "#0"},
				"down": {"uv": [6.5, 0, 5, 0.5], "texture": "#0"}
			}
		}
	],
	"gui_light": "front",
	"display": {
		"thirdperson_righthand": {
			"rotation": [-180, 0, -180],
			"translation": [3.5, -3, 4]
		},
		"thirdperson_lefthand": {
			"translation": [3.5, -3, 4]
		},
		"firstperson_righthand": {
			"rotation": [5, -90, 0],
			"translation": [0, -9, -2.75]
		},
		"firstperson_lefthand": {
			"rotation": [5, 90, 0],
			"translation": [0, -9, -2.75]
		},
		"ground": {
			"translation": [1.75, 1.75, 0],
			"scale": [0.25, 0.25, 0.25]
		},
		"gui": {
			"rotation": [13, 65, -7],
			"translation": [0, -1.5, 0],
			"scale": [0.7, 0.7, 0.7]
		},
		"head": {
			"rotation": [0, 90, 0],
			"translation": [-9.75, -11, -6.75]
		},
		"fixed": {
			"rotation": [0, -90, 0],
			"translation": [1.75, -0.75, -2.25],
			"scale": [0.6, 0.6, 0.6]
		}
	},
	"groups": [
		{
			"name": "vanguard_shield",
			"origin": [8, 8, 8],
			"children": [
				{
					"name": "body",
					"origin": [9, 15, 16],
					"children": [0]
				},
				{
					"name": "protrusions",
					"origin": [8, 8, 8],
					"children": [1, 2, 3, 4, 5]
				},
				{
					"name": "handle",
					"origin": [8, 8, 8],
					"children": [6]
				}
			]
		}
	]
}