{
    "textures": {
        "bow1": "block/3dstuff/assault_rifle"
    },
    "display": {
        "gui": {
            "rotation": [ 0, 0, 317 ],
            "translation": [ 0, 1, 0 ],
            "scale": [ 1.25, 1.25, 1.25 ]
        },
        "firstperson_lefthand": {
            "rotation": [ 0, 100, 25 ],
            "translation": [ -2, 5, -2 ],
            "scale": [ 2.2, 2.2, 2.2 ]
        },
        "firstperson_righthand": {
            "rotation": [ 0, 280, 335 ],
            "translation": [ -2, 5, -2 ],
            "scale": [ 2.2, 2.2, 2.2 ]
        },
        "thirdperson_lefthand": {
            "rotation": [ 0, 90, 0 ],
            "translation": [ -1, 2, -4 ],
            "scale": [ 1.5, 1.5, 1.5 ]
        },
        "thirdperson_righthand": {
            "rotation": [ 0, 270, 0 ],
            "translation": [ -1, 2, -4 ],
            "scale": [ 1.5, 1.5, 1.5 ]
        }
    },
    "elements": [
        {
            "name": "m16_stock1",
            "from": [ 12, 7.125, 7.75 ], 
            "to": [ 16, 8, 8.25 ], 
            "faces": {
                "north": { "texture": "#bow1", "uv": [ 12, 0, 16, 0.875 ] },
                "east": { "texture": "#bow1", "uv": [ 12, 0, 12.5, 0.875 ] },
                "south": { "texture": "#bow1", "uv": [ 12, 0, 16, 0.875 ] },
                "up": { "texture": "#bow1", "uv": [ 12, 0, 16, 0.5 ], "rotation": 180 },
                "down": { "texture": "#bow1", "uv": [ 12, 0, 16, 0.5 ], "rotation": 180 }
            }
        },
        {
            "name": "m16_stock2",
            "from": [ 13.375, 6.625, 7.75 ], 
            "to": [ 15.875, 7.125, 8.25 ], 
            "faces": {
                "north": { "texture": "#bow1", "uv": [ 12, 0, 14.5, 0.5 ], "rotation": 180 },
                "east": { "texture": "#bow1", "uv": [ 12, 0, 12.5, 0.5 ] },
                "south": { "texture": "#bow1", "uv": [ 12, 0, 14.5, 0.5 ] },
                "west": { "texture": "#bow1", "uv": [ 12, 0, 12.5, 0.5 ] },
                "down": { "texture": "#bow1", "uv": [ 12, 0, 14.5, 0.5 ] }
            }
        },
        {
            "name": "m16_stock3",
            "from": [ 14.75, 6.125, 7.75 ], 
            "to": [ 15.75, 6.625, 8.25 ], 
            "faces": {
                "north": { "texture": "#bow1", "uv": [ 12, 0, 13, 0.5 ], "rotation": 180 },
                "east": { "texture": "#bow1", "uv": [ 12, 0, 12.5, 0.5 ] },
                "south": { "texture": "#bow1", "uv": [ 12, 0, 13, 0.5 ] },
                "west": { "texture": "#bow1", "uv": [ 12, 0, 12.5, 0.5 ] },
                "down": { "texture": "#bow1", "uv": [ 12, 0, 13, 0.5 ] }
            }
        },
        {
            "name": "m16_barrel1",
            "from": [ 0, 7.375, 7.75 ], 
            "to": [ 2.5, 7.875, 8.25 ], 
            "faces": {
                "north": { "texture": "#bow1", "uv": [ 4, 0, 6.5, 0.5 ] },
                "south": { "texture": "#bow1", "uv": [ 4, 0, 6.5, 0.5 ] },
                "up": { "texture": "#bow1", "uv": [ 4, 0, 6.5, 0.5 ] },
                "down": { "texture": "#bow1", "uv": [ 4, 0, 6.5, 0.5 ] }
            }
        },
        {
            "name": "m16_barrel2",
            "from": [ 2.5, 7.25, 7.625 ], 
            "to": [ 8.25, 8, 8.375 ], 
            "faces": {
                "north": { "texture": "#bow1", "uv": [ 12, 0, 15.75, 0.75 ], "rotation": 180 },
                "east": { "texture": "#bow1", "uv": [ 12, 0, 12.75, 0.75 ] },
                "south": { "texture": "#bow1", "uv": [ 12, 0, 15.75, 0.75 ] },
                "west": { "texture": "#bow1", "uv": [ 12, 0, 15.75, 0.75 ] },
                "up": { "texture": "#bow1", "uv": [ 12, 0, 15.75, 0.75 ] },
                "down": { "texture": "#bow1", "uv": [ 12, 0, 15.75, 0.75 ] }
            }
        },
        {
            "name": "m16_barrel4",
            "from": [ 2.75, 8.125, 7.75 ], 
            "to": [ 7.875, 8.25, 8.25 ], 
            "faces": {
                "north": { "texture": "#bow1", "uv": [ 8, 0, 11.375, 0.125 ], "rotation": 180 },
                "east": { "texture": "#bow1", "uv": [ 8, 0, 8.5, 0.125 ] },
                "south": { "texture": "#bow1", "uv": [ 8, 0, 11.375, 0.125 ] },
                "up": { "texture": "#bow1", "uv": [ 8, 0, 11.375, 0.5 ] },
                "down": { "texture": "#bow1", "uv": [ 8, 0, 11.375, 0.5 ] }
            }
        },
        {
            "name": "m16_barrel5",
            "from": [ 2.5, 7.375, 7.5 ], 
            "to": [ 7.875, 7.875, 7.625 ], 
            "faces": {
                "north": { "texture": "#bow1", "uv": [ 8, 0, 11.375, 0.5 ], "rotation": 180 },
                "east": { "texture": "#bow1", "uv": [ 8, 0, 8.125, 0.5 ] },
                "west": { "texture": "#bow1", "uv": [ 8, 0, 8.125, 0.5 ] },
                "up": { "texture": "#bow1", "uv": [ 8, 0, 11.375, 0.125 ] },
                "down": { "texture": "#bow1", "uv": [ 8, 0, 11.375, 0.125 ] }
            }
        },
        {
            "name": "m16_barrel6",
            "from": [ 2.5, 7.375, 8.375 ], 
            "to": [ 7.875, 7.875, 8.5 ], 
            "faces": {
                "east": { "texture": "#bow1", "uv": [ 8, 0, 8.125, 0.5 ] },
                "south": { "texture": "#bow1", "uv": [ 8, 0, 11.375, 0.5 ] },
                "west": { "texture": "#bow1", "uv": [ 8, 0, 8.125, 0.5 ] },
                "up": { "texture": "#bow1", "uv": [ 8, 0, 11.375, 0.125 ] },
                "down": { "texture": "#bow1", "uv": [ 8, 0, 11.375, 0.125 ] }
            }
        },
        {
            "name": "m16_barrel7",
            "from": [ 2.5, 7.125, 7.75 ], 
            "to": [ 7.875, 7.25, 8.25 ], 
            "faces": {
                "north": { "texture": "#bow1", "uv": [ 8, 0, 11.375, 0.125 ], "rotation": 180 },
                "east": { "texture": "#bow1", "uv": [ 8, 0, 8.5, 0.125 ] },
                "south": { "texture": "#bow1", "uv": [ 8, 0, 11.375, 0.125 ] },
                "west": { "texture": "#bow1", "uv": [ 8, 0, 8.5, 0.125 ] },
                "down": { "texture": "#bow1", "uv": [ 8, 0, 11.375, 0.5 ] }
            }
        },
        {
            "name": "m16_barrel3",
            "from": [ 2.75, 8, 7.875 ], 
            "to": [ 7.875, 8.125, 8.125 ], 
            "faces": {
                "north": { "texture": "#bow1", "uv": [ 12, 0, 15.375, 0.125 ] },
                "east": { "texture": "#bow1", "uv": [ 12, 0, 12.25, 0.125 ] },
                "south": { "texture": "#bow1", "uv": [ 12, 0, 15.375, 0.125 ] }
            }
        },
        {
            "name": "m16_body1",
            "from": [ 8.25, 8.125, 7.75 ], 
            "to": [ 11.25, 8.25, 8.25 ], 
            "faces": {
                "north": { "texture": "#bow1", "uv": [ 8, 0, 11.375, 0.125 ], "rotation": 180 },
                "south": { "texture": "#bow1", "uv": [ 8, 0, 11.375, 0.125 ] },
                "west": { "texture": "#bow1", "uv": [ 8, 0, 8.5, 0.125 ] },
                "up": { "texture": "#bow1", "uv": [ 8, 0, 11.375, 0.5 ] },
                "down": { "texture": "#bow1", "uv": [ 8, 0, 11.375, 0.5 ] }
            }
        },
        {
            "name": "m16_body2",
            "from": [ 8.25, 8, 7.875 ], 
            "to": [ 11.25, 8.125, 8.125 ], 
            "faces": {
                "north": { "texture": "#bow1", "uv": [ 8, 0, 11.375, 0.125 ] },
                "south": { "texture": "#bow1", "uv": [ 8, 0, 11.375, 0.125 ] },
                "west": { "texture": "#bow1", "uv": [ 8, 0, 8.25, 0.125 ] }
            }
        },
        {
            "name": "m16_body3",
            "from": [ 8.25, 7.125, 7.75 ], 
            "to": [ 12, 8, 8.25 ], 
            "faces": {
                "north": { "texture": "#bow1", "uv": [ 8, 0, 11.75, 0.875 ] },
                "south": { "texture": "#bow1", "uv": [ 8, 0, 11.75, 0.875 ] },
                "west": { "texture": "#bow1", "uv": [ 8, 0, 8.5, 0.875 ] },
                "up": { "texture": "#bow1", "uv": [ 8, 0, 11.75, 0.5 ] },
                "down": { "texture": "#bow1", "uv": [ 8, 0, 11.75, 0.5 ] }
            }
        },
        {
            "name": "m16_body4",
            "from": [ 8.25, 7.375, 7.625 ], 
            "to": [ 12, 7.875, 8.375 ], 
            "faces": {
                "north": { "texture": "#bow1", "uv": [ 4, 0, 7.75, 0.5 ], "rotation": 180 },
                "east": { "texture": "#bow1", "uv": [ 4, 0, 4.75, 0.5 ] },
                "south": { "texture": "#bow1", "uv": [ 4, 0, 7.75, 0.5 ] },
                "up": { "texture": "#bow1", "uv": [ 4, 0, 7.75, 0.75 ] },
                "down": { "texture": "#bow1", "uv": [ 4, 0, 7.75, 0.75 ] }
            }
        },
        {
            "name": "m16_body5",
            "from": [ 8.5, 6.75, 7.75 ], 
            "to": [ 11.5, 7.125, 8.25 ], 
            "faces": {
                "north": { "texture": "#bow1", "uv": [ 8, 0, 11, 0.375 ] },
                "east": { "texture": "#bow1", "uv": [ 8, 0, 8.5, 0.375 ] },
                "south": { "texture": "#bow1", "uv": [ 8, 0, 11, 0.375 ] },
                "west": { "texture": "#bow1", "uv": [ 8, 0, 8.5, 0.5 ] },
                "down": { "texture": "#bow1", "uv": [ 8, 0, 11, 0.5 ] }
            }
        },
        {
            "name": "m16_body7",
            "from": [ 8.5, 6.25, 7.75 ], 
            "to": [ 9.75, 6.75, 8.25 ], 
            "faces": {
                "north": { "texture": "#bow1", "uv": [ 8, 0, 9.25, 0.5 ], "rotation": 180 },
                "east": { "texture": "#bow1", "uv": [ 8, 0, 8.5, 0.5 ] },
                "south": { "texture": "#bow1", "uv": [ 8, 0, 9.25, 0.5 ] },
                "west": { "texture": "#bow1", "uv": [ 8, 0, 8.5, 0.5 ] }
            }
        },
        {
            "name": "m16_body8",
            "from": [ 10.75, 6.25, 7.75 ], 
            "to": [ 11.5, 6.75, 8.25 ], 
            "faces": {
                "north": { "texture": "#bow1", "uv": [ 8, 0, 8.75, 0.5 ], "rotation": 180 },
                "east": { "texture": "#bow1", "uv": [ 8, 0, 8.5, 0.5 ] },
                "south": { "texture": "#bow1", "uv": [ 8, 0, 8.75, 0.5 ] },
                "west": { "texture": "#bow1", "uv": [ 8, 0, 8.5, 0.5 ] }
            }
        },
        {
            "name": "m16_body9",
            "from": [ 10.75, 7.5, 7.875 ], 
            "to": [ 10.875, 7.875, 8.125 ], 
            "rotation": { "origin": [ 8, 8, 8 ], "axis": "z", "angle": -22.5 },
            "faces": {
                "north": { "texture": "#bow1", "uv": [ 8, 0, 8.125, 0.375 ], "rotation": 180 },
                "east": { "texture": "#bow1", "uv": [ 8, 0, 8.25, 0.375 ] },
                "south": { "texture": "#bow1", "uv": [ 8, 0, 8.125, 0.375 ] },
                "west": { "texture": "#bow1", "uv": [ 8, 0, 8.25, 0.375 ] },
                "down": { "texture": "#bow1", "uv": [ 8, 0, 8.125, 0.25 ] }
            }
        },
        {
            "name": "m16_body10",
            "from": [ 9.75, 6.25, 7.75 ], 
            "to": [ 10.75, 6.35, 8.25 ], 
            "faces": {
                "north": { "texture": "#bow1", "uv": [ 8, 0, 9, 0.1 ], "rotation": 180 },
                "south": { "texture": "#bow1", "uv": [ 8, 0, 9, 0.1 ] },
                "up": { "texture": "#bow1", "uv": [ 8, 0, 9, 0.5 ] },
                "down": { "texture": "#bow1", "uv": [ 8, 0, 9, 0.5 ] }
            }
        },
        {
            "name": "m16_body11",
            "from": [ 9.875, 4.125, 7.75 ], 
            "to": [ 10.625, 5.375, 8.25 ], 
            "rotation": { "origin": [ 8, 8, 8 ], "axis": "z", "angle": 22.5 },
            "faces": {
                "north": { "texture": "#bow1", "uv": [ 8, 0, 8.75, 1.25 ], "rotation": 180 },
                "east": { "texture": "#bow1", "uv": [ 8, 0, 8.5, 1.25 ] },
                "south": { "texture": "#bow1", "uv": [ 8, 0, 8.75, 1.25 ] },
                "west": { "texture": "#bow1", "uv": [ 8, 0, 8.5, 1.25 ] },
                "down": { "texture": "#bow1", "uv": [ 8, 0, 8.75, 0.5 ] }
            }
        },
        {
            "name": "m16_body12",
            "from": [ 8.5, 5.25, 7.75 ], 
            "to": [ 9.75, 6.25, 8.25 ], 
            "faces": {
                "north": { "texture": "#bow1", "uv": [ 0, 4, 4.25, 7.5 ] },
                "east": { "texture": "#bow1", "uv": [ 0, 4, 0.5, 5 ] },
                "south": { "texture": "#bow1", "uv": [ 0, 4, 4.25, 7.5 ] },
                "west": { "texture": "#bow1", "uv": [ 0, 4, 0.5, 5 ] },
                "down": { "texture": "#bow1", "uv": [ 0, 7, 1.25, 7.5 ] }
            }
        },
        {
            "name": "m16_body13",
            "from": [ 9.75, 7.375, 8.375 ], 
            "to": [ 10, 7.625, 8.5 ], 
            "faces": {
                "east": { "texture": "#bow1", "uv": [ 12, 0, 12.125, 0.25 ] },
                "south": { "texture": "#bow1", "uv": [ 12, 0, 12.25, 0.25 ] },
                "west": { "texture": "#bow1", "uv": [ 12, 0, 12.125, 0.25 ] },
                "up": { "texture": "#bow1", "uv": [ 12, 0, 12.25, 0.125 ] },
                "down": { "texture": "#bow1", "uv": [ 12, 0, 12.25, 0.125 ] }
            }
        },
        {
            "name": "m16_body14",
            "from": [ 9.75, 7, 8.25 ], 
            "to": [ 10, 7.375, 8.375 ], 
            "faces": {
                "east": { "texture": "#bow1", "uv": [ 12, 0, 12.125, 0.375 ] },
                "south": { "texture": "#bow1", "uv": [ 12, 0, 12.25, 0.375 ] },
                "down": { "texture": "#bow1", "uv": [ 12, 0, 12.25, 0.125 ] }
            }
        },
        {
            "name": "m16_body15",
            "from": [ 10.75, 7, 8.25 ], 
            "to": [ 11.25, 7.25, 8.375 ], 
            "faces": {
                "east": { "texture": "#bow1", "uv": [ 12, 0, 12.125, 0.25 ] },
                "south": { "texture": "#bow1", "uv": [ 12, 0, 12.5, 0.25 ] },
                "west": { "texture": "#bow1", "uv": [ 12, 0, 12.125, 0.25 ] },
                "up": { "texture": "#bow1", "uv": [ 12, 0, 12.5, 0.125 ] },
                "down": { "texture": "#bow1", "uv": [ 12, 0, 12.5, 0.125 ] }
            }
        },
        {
            "name": "m16_body16",
            "from": [ 9.25, 6.25, 8.25 ], 
            "to": [ 9.75, 7.375, 8.375 ], 
            "faces": {
                "east": { "texture": "#bow1", "uv": [ 4, 0, 4.125, 1.125 ] },
                "south": { "texture": "#bow1", "uv": [ 4, 0, 4.5, 1.125 ] },
                "west": { "texture": "#bow1", "uv": [ 4, 0, 4.125, 1.125 ] },
                "down": { "texture": "#bow1", "uv": [ 4, 0, 4.5, 0.125 ] }
            }
        },
        {
            "name": "m16_body17",
            "from": [ 11.5, 8, 7.5 ], 
            "to": [ 11.75, 8.25, 8.5 ], 
            "faces": {
                "north": { "texture": "#bow1", "uv": [ 15, 0, 15.25, 0.25 ], "rotation": 180 },
                "east": { "texture": "#bow1", "uv": [ 15, 0, 16, 0.25 ] },
                "south": { "texture": "#bow1", "uv": [ 15, 0, 15.25, 0.25 ] },
                "west": { "texture": "#bow1", "uv": [ 15, 0, 16, 0.25 ] },
                "up": { "texture": "#bow1", "uv": [ 15, 0, 15.25, 1 ] },
                "down": { "texture": "#bow1", "uv": [ 15, 0, 15.25, 1 ] }
            }
        },
        {
            "name": "m16_sight1",
            "from": [ 11.25, 8, 7.75 ], 
            "to": [ 11.5, 8.75, 8.25 ], 
            "faces": {
                "north": { "texture": "#bow1", "uv": [ 4, 0, 4.25, 0.75 ] },
                "east": { "texture": "#bow1", "uv": [ 4, 0, 4.5, 0.75 ] },
                "south": { "texture": "#bow1", "uv": [ 4, 0, 4.25, 0.75 ] },
                "west": { "texture": "#bow1", "uv": [ 4, 0, 4.5, 0.75 ] },
                "up": { "texture": "#bow1", "uv": [ 4, 0, 4.25, 0.5 ] }
            }
        },
        {
            "name": "m16_sight2",
            "from": [ 11.25, 8.75, 7.75 ], 
            "to": [ 11.5, 9, 7.875 ], 
            "faces": {
                "north": { "texture": "#bow1", "uv": [ 4, 0, 4.25, 0.25 ] },
                "east": { "texture": "#bow1", "uv": [ 4, 0, 4.125, 0.25 ] },
                "south": { "texture": "#bow1", "uv": [ 4, 0, 4.25, 0.25 ] },
                "west": { "texture": "#bow1", "uv": [ 4, 0, 4.125, 0.25 ] },
                "up": { "texture": "#bow1", "uv": [ 4, 0, 4.25, 0.125 ] }
            }
        },
        {
            "name": "m16_sight3",
            "from": [ 11.25, 8.75, 8.125 ], 
            "to": [ 11.5, 9, 8.25 ], 
            "faces": {
                "north": { "texture": "#bow1", "uv": [ 4, 0, 4.25, 0.25 ] },
                "east": { "texture": "#bow1", "uv": [ 4, 0, 4.125, 0.25 ] },
                "south": { "texture": "#bow1", "uv": [ 4, 0, 4.25, 0.25 ] },
                "west": { "texture": "#bow1", "uv": [ 4, 0, 4.125, 0.25 ] },
                "up": { "texture": "#bow1", "uv": [ 4, 0, 4.25, 0.125 ] }
            }
        },
        {
            "name": "m16_sight4",
            "from": [ 2.5, 8, 7.75 ], 
            "to": [ 2.75, 8.75, 8.25 ], 
            "faces": {
                "north": { "texture": "#bow1", "uv": [ 4, 0, 4.25, 0.75 ] },
                "east": { "texture": "#bow1", "uv": [ 4, 0, 4.5, 0.75 ], "rotation": 180 },
                "south": { "texture": "#bow1", "uv": [ 4, 0, 4.25, 0.75 ] },
                "west": { "texture": "#bow1", "uv": [ 4, 0, 4.5, 0.75 ] },
                "up": { "texture": "#bow1", "uv": [ 4, 0, 4.25, 0.5 ] }
            }
        },
        {
            "name": "m16_sight5",
            "from": [ 2.5, 8.75, 7.75 ], 
            "to": [ 2.75, 9, 7.875 ], 
            "faces": {
                "north": { "texture": "#bow1", "uv": [ 4, 0, 4.25, 0.25 ] },
                "east": { "texture": "#bow1", "uv": [ 4, 0, 4.125, 0.25 ] },
                "south": { "texture": "#bow1", "uv": [ 4, 0, 4.25, 0.25 ] },
                "west": { "texture": "#bow1", "uv": [ 4, 0, 4.125, 0.25 ] },
                "up": { "texture": "#bow1", "uv": [ 4, 0, 4.25, 0.125 ] }
            }
        },
        {
            "name": "m16_sight6",
            "from": [ 2.5, 8.75, 8.125 ], 
            "to": [ 2.75, 9, 8.25 ], 
            "faces": {
                "north": { "texture": "#bow1", "uv": [ 4, 0, 4.25, 0.25 ] },
                "east": { "texture": "#bow1", "uv": [ 4, 0, 4.125, 0.25 ] },
                "south": { "texture": "#bow1", "uv": [ 4, 0, 4.25, 0.25 ] },
                "west": { "texture": "#bow1", "uv": [ 4, 0, 4.125, 0.25 ] },
                "up": { "texture": "#bow1", "uv": [ 4, 0, 4.25, 0.125 ] }
            }
        },
        {
            "name": "m16_sight7",
            "from": [ 2.5, 8.75, 7.94 ], 
            "to": [ 2.75, 8.875, 8.065 ], 
            "faces": {
                "north": { "texture": "#bow1", "uv": [ 4, 0, 4.25, 0.125 ] },
                "east": { "texture": "#bow1", "uv": [ 0, 0, 0.125, 0.125 ] },
                "south": { "texture": "#bow1", "uv": [ 4, 0, 4.25, 0.125 ] },
                "west": { "texture": "#bow1", "uv": [ 4, 0, 4.125, 0.125 ] },
                "up": { "texture": "#bow1", "uv": [ 4, 0, 4.25, 0.125 ] }
            }
        }
    ]
}