{
    "textures": {
        "revolver": "block/3dstuff/bow1"
    },
    "display": {
        "gui": {
            "rotation": [ 0, 0, 330 ],
            "translation": [ 0, 1, 0 ],
            "scale": [ 0.75, 0.75, 0.75 ]
        },
        "ground": {
            "rotation": [ 0, 0, 330 ],
            "translation": [ 0, 3, 0 ],
            "scale": [ 0.5, 0.5, 0.5 ]
        },
        "fixed": {
            "rotation": [ 0, 180, 320 ],
            "translation": [ 0, 1, 0 ],
            "scale": [ 0.75, 0.75, 0.75 ]
        },
        "firstperson_righthand": {
            "rotation": [ 0, 270, 340 ],
            "translation": [ -4, 7, 3 ],
            "scale": [ 0.75, 0.75, 0.75 ]
        },
        "thirdperson_righthand": {
            "rotation": [ 0, 270, 0 ],
            "translation": [ 0, 0.5, -3.5 ],
            "scale": [ 0.75, 0.75, 0.75 ]
        },
        "firstperson_lefthand": {
            "rotation": [ 0, 90, 20 ],
            "translation": [ -4, 7, 3 ],
            "scale": [ 0.75, 0.75, 0.75 ]
        },
        "thirdperson_lefthand": {
            "rotation": [ 0, 90, 0 ],
            "translation": [ 0, 0.5, -3.5 ],
            "scale": [ 0.75, 0.75, 0.75 ]
        }
    },
    "elements": [
        {
            "name": "gun_barrel1",
            "from": [ 0, 7.5, 7.5 ], 
            "to": [ 8, 8.5, 8.5 ], 
            "faces": {
                "north": { "texture": "#revolver", "uv": [ 0, 0, 5, 1 ], "rotation": 180 },
                "south": { "texture": "#revolver", "uv": [ 0, 0, 5, 1 ] },
                "up": { "texture": "#revolver", "uv": [ 0, 0, 5, 1 ] },
                "down": { "texture": "#revolver", "uv": [ 0, 0, 5, 1 ] }
            }
        },
        {
            "name": "gun_barrel2",
            "from": [ 4.5, 6.75, 7.625 ], 
            "to": [ 8, 7.5, 8.375 ], 
            "faces": {
                "north": { "texture": "#revolver", "uv": [ 1, 0, 4.5, 0.75 ], "rotation": 180 },
                "south": { "texture": "#revolver", "uv": [ 1, 0, 4.5, 0.75 ] },
                "west": { "texture": "#revolver", "uv": [ 0, 0, 0.75, 0.75 ] },
                "down": { "texture": "#revolver", "uv": [ 1, 0, 4.5, 0.75 ] }
            }
        },
        {
            "name": "gun_frame1",
            "from": [ 8, 6.5, 7.5 ], 
            "to": [ 8.5, 8.5, 8.5 ], 
            "faces": {
                "north": { "texture": "#revolver", "uv": [ 4, 0, 4.5, 2 ] },
                "south": { "texture": "#revolver", "uv": [ 4, 0, 4.5, 2 ] },
                "west": { "texture": "#revolver", "uv": [ 4, 0, 5, 2 ] }
            }
        },
        {
            "name": "gun_frame2",
            "from": [ 8, 8.5, 7.5 ], 
            "to": [ 12, 8.75, 8.5 ], 
            "faces": {
                "north": { "texture": "#revolver", "uv": [ 9, 4, 13, 4.25 ], "rotation": 180 },
                "east": { "texture": "#revolver", "uv": [ 12, 4, 13, 4.25 ] },
                "south": { "texture": "#revolver", "uv": [ 9, 4, 13, 4.25 ] },
                "west": { "texture": "#revolver", "uv": [ 4, 0, 5, 0.25 ] },
                "up": { "texture": "#revolver", "uv": [ 9, 4, 13, 5 ] }
            }
        },
        {
            "name": "gun_frame3",
            "from": [ 8, 6, 7.5 ], 
            "to": [ 12, 6.5, 8.5 ], 
            "faces": {
                "north": { "texture": "#revolver", "uv": [ 4, 0, 8, 0.5 ] },
                "south": { "texture": "#revolver", "uv": [ 4, 0, 8, 0.5 ] },
                "west": { "texture": "#revolver", "uv": [ 4, 0, 5, 0.5 ] },
                "down": { "texture": "#revolver", "uv": [ 4, 0, 8, 1 ] }
            }
        },
        {
            "name": "gun_frame4",
            "from": [ 11, 6.5, 7.5 ], 
            "to": [ 12, 8.5, 8.5 ], 
            "faces": {
                "north": { "texture": "#revolver", "uv": [ 4, 0, 5, 2 ] },
                "south": { "texture": "#revolver", "uv": [ 4, 0, 5, 2 ] }
            }
        },
        {
            "name": "gun_frame5",
            "from": [ 11, 6.75, 7.25 ], 
            "to": [ 11.5, 8.25, 8.75 ], 
            "faces": {
                "north": { "texture": "#revolver", "uv": [ 8, 0, 8.5, 1.5 ] },
                "east": { "texture": "#revolver", "uv": [ 8, 0, 9.5, 1.5 ] },
                "south": { "texture": "#revolver", "uv": [ 8, 0, 8.5, 1.5 ] },
                "up": { "texture": "#revolver", "uv": [ 8, 0, 8.5, 1.5 ] },
                "down": { "texture": "#revolver", "uv": [ 8, 0, 8.5, 1.5 ] }
            }
        },
        {
            "name": "gun_frame6",
            "from": [ 9.25, 4.5, 7.75 ], 
            "to": [ 9.5, 6, 8.25 ], 
            "faces": {
                "north": { "texture": "#revolver", "uv": [ 4, 0, 4.25, 1.5 ] },
                "east": { "texture": "#revolver", "uv": [ 4, 0, 4.5, 1.5 ] },
                "south": { "texture": "#revolver", "uv": [ 4, 0, 4.25, 1.5 ] },
                "west": { "texture": "#revolver", "uv": [ 4, 0, 4.5, 1.5 ] },
                "down": { "texture": "#revolver", "uv": [ 4, 0, 4.25, 0.5 ] }
            }
        },
        {
            "name": "gun_frame7",
            "from": [ 9.5, 4.5, 7.75 ], 
            "to": [ 11.5, 4.75, 8.25 ], 
            "faces": {
                "north": { "texture": "#revolver", "uv": [ 4, 0, 6, 0.25 ] },
                "south": { "texture": "#revolver", "uv": [ 4, 0, 6, 0.25 ] },
                "up": { "texture": "#revolver", "uv": [ 4, 0, 6, 0.5 ] },
                "down": { "texture": "#revolver", "uv": [ 4, 0, 6, 0.5 ] }
            }
        },
        {
            "name": "gun_frame8",
            "from": [ 11.5, 4.5, 7.75 ], 
            "to": [ 11.75, 6, 8.25 ], 
            "faces": {
                "north": { "texture": "#revolver", "uv": [ 4, 0, 4.25, 1.5 ] },
                "east": { "texture": "#revolver", "uv": [ 4, 0, 4.5, 1.5 ] },
                "south": { "texture": "#revolver", "uv": [ 4, 0, 4.25, 1.5 ] },
                "west": { "texture": "#revolver", "uv": [ 4, 0, 4.5, 1.5 ] },
                "down": { "texture": "#revolver", "uv": [ 4, 0, 4.25, 0.5 ] }
            }
        },
        {
            "name": "gun_frame9",
            "from": [ 10.4, 9.25, 7.51 ], 
            "to": [ 12.9, 11.25, 8.49 ], 
            "rotation": { "origin": [ 8, 8, 8 ], "axis": "z", "angle": -45.0 },
            "faces": {
                "north": { "texture": "#revolver", "uv": [ 4, 0, 6.5, 2 ] },
                "south": { "texture": "#revolver", "uv": [ 4, 0, 6.5, 2 ] },
                "up": { "texture": "#revolver", "uv": [ 4, 0, 6.5, 0.98 ] },
                "down": { "texture": "#revolver", "uv": [ 4, 0, 6.5, 0.98 ] }
            }
        },
        {
            "name": "gun_grip1",
            "from": [ 12.5, 9.125, 7.25 ], 
            "to": [ 14, 11.5, 8.75 ], 
            "rotation": { "origin": [ 8, 8, 8 ], "axis": "z", "angle": -45.0 },
            "faces": {
                "north": { "texture": "#revolver", "uv": [ 4, 4, 7.5, 6.375 ], "rotation": 90 },
                "south": { "texture": "#revolver", "uv": [ 4, 4, 7.5, 6.375 ], "rotation": 90 },
                "west": { "texture": "#revolver", "uv": [ 5, 4, 6.5, 6.375 ] },
                "up": { "texture": "#revolver", "uv": [ 4, 4, 4.5, 5.5 ] },
                "down": { "texture": "#revolver", "uv": [ 5, 4, 6.5, 5.5 ] }
            }
        },
        {
            "name": "gun_grip2",
            "from": [ 11.15, 0.8, 7.24 ], 
            "to": [ 13.525, 3.8, 8.76 ], 
            "rotation": { "origin": [ 8, 8, 8 ], "axis": "z", "angle": 22.5 },
            "faces": {
                "north": { "texture": "#revolver", "uv": [ 4, 4, 7.375, 7 ] },
                "east": { "texture": "#revolver", "uv": [ 4, 4, 4.5, 7 ] },
                "south": { "texture": "#revolver", "uv": [ 4, 4, 7.375, 7 ], "rotation": 180 },
                "west": { "texture": "#revolver", "uv": [ 4, 4, 4.5, 7 ] }
            }
        },
        {
            "name": "gun_grip3",
            "from": [ 13, 8, 7.26 ], 
            "to": [ 13.5, 9.5, 8.74 ], 
            "rotation": { "origin": [ 8, 8, 8 ], "axis": "z", "angle": -22.5 },
            "faces": {
                "north": { "texture": "#revolver", "uv": [ 4, 4, 6.5, 4.5 ], "rotation": 90 },
                "south": { "texture": "#revolver", "uv": [ 4, 4, 6.5, 4.5 ], "rotation": 90 },
                "west": { "texture": "#revolver", "uv": [ 5, 4, 5.5, 5.5 ] }
            }
        },
        {
            "name": "gun_grip4",
            "from": [ 13.7, 2.5, 7.25 ], 
            "to": [ 15.85, 3.5, 8.75 ], 
            "faces": {
                "north": { "texture": "#revolver", "uv": [ 4, 4, 7.15, 5 ] },
                "east": { "texture": "#revolver", "uv": [ 4, 4, 4.5, 5 ] },
                "south": { "texture": "#revolver", "uv": [ 4, 4, 7.15, 5 ], "rotation": 180 },
                "down": { "texture": "#revolver", "uv": [ 4, 4, 7.15, 5.5 ], "rotation": 180 }
            }
        },
        {
            "name": "gun_grip5",
            "from": [ 12.5, 4, 7.26 ], 
            "to": [ 13, 5.5, 8.74 ], 
            "rotation": { "origin": [ 8, 8, 8 ], "axis": "z", "angle": 22.5 },
            "faces": {
                "north": { "texture": "#revolver", "uv": [ 4, 4, 4.5, 5.5 ] },
                "east": { "texture": "#revolver", "uv": [ 4, 4, 4.5, 5.5 ] },
                "south": { "texture": "#revolver", "uv": [ 4, 4, 4.5, 5.5 ] },
                "up": { "texture": "#revolver", "uv": [ 4, 4, 4.5, 5.48 ] }
            }
        },
        {
            "name": "gun_sight1",
            "from": [ 0, 8.5, 7.875 ], 
            "to": [ 1, 9, 8.125 ], 
            "faces": {
                "north": { "texture": "#revolver", "uv": [ 0, 0, 1, 0.5 ] },
                "east": { "texture": "#revolver", "uv": [ 0, 4, 0.25, 4.5 ] },
                "south": { "texture": "#revolver", "uv": [ 0, 0, 1, 0.5 ] },
                "west": { "texture": "#revolver", "uv": [ 0, 0, 0.25, 0.5 ] },
                "up": { "texture": "#revolver", "uv": [ 0, 0, 1, 0.25 ] }
            }
        },
        {
            "name": "gun_sight2",
            "from": [ 11.75, 8.75, 8.125 ], 
            "to": [ 12, 9, 8.5 ], 
            "faces": {
                "north": { "texture": "#revolver", "uv": [ 12, 4, 12.25, 4.25 ] },
                "east": { "texture": "#revolver", "uv": [ 12, 4, 12.375, 4.25 ] },
                "south": { "texture": "#revolver", "uv": [ 12, 4, 12.25, 4.25 ] },
                "west": { "texture": "#revolver", "uv": [ 12, 4, 12.375, 4.25 ] },
                "up": { "texture": "#revolver", "uv": [ 12, 4, 12.25, 4.375 ] }
            }
        },
        {
            "name": "gun_sight3",
            "from": [ 11.75, 8.75, 7.5 ], 
            "to": [ 12, 9, 7.875 ], 
            "faces": {
                "north": { "texture": "#revolver", "uv": [ 12, 4, 12.25, 4.25 ] },
                "east": { "texture": "#revolver", "uv": [ 12, 4, 12.375, 4.25 ] },
                "south": { "texture": "#revolver", "uv": [ 12, 4, 12.25, 4.25 ] },
                "west": { "texture": "#revolver", "uv": [ 12, 4, 12.375, 4.25 ] },
                "up": { "texture": "#revolver", "uv": [ 12, 4, 12.25, 4.375 ] }
            }
        },
        {
            "name": "gun_parts1",
            "from": [ 8.5, 6.5, 7 ], 
            "to": [ 11, 8.5, 9 ], 
            "faces": {
                "north": { "texture": "#revolver", "uv": [ 12, 0, 15.5, 4 ], "rotation": 180 },
                "east": { "texture": "#revolver", "uv": [ 8, 0, 10, 2 ] },
                "south": { "texture": "#revolver", "uv": [ 12, 0, 15.5, 4 ] },
                "west": { "texture": "#revolver", "uv": [ 8, 0, 10, 2 ] },
                "up": { "texture": "#revolver", "uv": [ 12, 0, 15.5, 4 ] },
                "down": { "texture": "#revolver", "uv": [ 12, 0, 15.5, 4 ] }
            }
        },
        {
            "name": "gun_parts2",
            "from": [ 11.25, 6.25, 7.75 ], 
            "to": [ 11.75, 7.5, 8.25 ], 
            "rotation": { "origin": [ 8, 8, 8 ], "axis": "z", "angle": -22.5 },
            "faces": {
                "north": { "texture": "#revolver", "uv": [ 8, 0, 8.5, 1.25 ] },
                "east": { "texture": "#revolver", "uv": [ 8, 0, 8.5, 1.25 ] },
                "south": { "texture": "#revolver", "uv": [ 8, 0, 8.5, 1.25 ] },
                "west": { "texture": "#revolver", "uv": [ 8, 0, 8.5, 1.25 ] },
                "down": { "texture": "#revolver", "uv": [ 8, 0, 8.5, 0.5 ] }
            }
        },
        {
            "name": "gun_parts3",
            "from": [ 12, 6.75, 8.5 ], 
            "to": [ 12.5, 7, 8.75 ], 
            "faces": {
                "east": { "texture": "#revolver", "uv": [ 8, 0, 8.25, 0.25 ] },
                "south": { "texture": "#revolver", "uv": [ 8, 0, 8.5, 0.25 ] },
                "west": { "texture": "#revolver", "uv": [ 8, 0, 8.25, 0.25 ] },
                "up": { "texture": "#revolver", "uv": [ 8, 0, 8.5, 0.25 ] },
                "down": { "texture": "#revolver", "uv": [ 8, 0, 8.5, 0.25 ] }
            }
        },
        {
            "name": "gun_parts4",
            "from": [ 11, 11, 7.75 ], 
            "to": [ 11.5, 12, 8.25 ], 
            "rotation": { "origin": [ 8, 8, 8 ], "axis": "z", "angle": -45.0 },
            "faces": {
                "north": { "texture": "#revolver", "uv": [ 8, 0, 8.5, 1 ] },
                "east": { "texture": "#revolver", "uv": [ 8, 0, 8.5, 1 ] },
                "south": { "texture": "#revolver", "uv": [ 9, 0, 9.5, 1 ] },
                "west": { "texture": "#revolver", "uv": [ 8, 0, 8.5, 1 ] },
                "up": { "texture": "#revolver", "uv": [ 8, 0, 8.5, 0.5 ] }
            }
        }
    ],
    "overrides": [
        {
            "predicate": {
                "pulling": 1
            },
            "model": "item/bow_pulling_0"
        },
        {
            "predicate": {
                "pulling": 1,
                "pull": 0.65
            },
            "model": "item/bow_pulling_1"
        },
        {
            "predicate": {
                "pulling": 1,
                "pull": 0.9
            },
            "model": "item/bow_pulling_2"
        }
    ]
}