{
    "textures": {
        "crossbow": "block/3dstuff/crossbow1"
    },
    "display": {
        "gui": {
            "rotation": [ 0, 0, 320 ],
            "translation": [ 1, 1, 0 ],
            "scale": [ 1.25, 1.25, 1.25 ]
        },
        "firstperson_lefthand": {
            "rotation": [ 0, 81, 0 ],
            "translation": [ 2.13, 6.2, -1 ],
            "scale": [ 2, 2, 2 ]
        },
        "firstperson_righthand": {
            "rotation": [ 0, 261, 0 ],
            "translation": [ 2.13, 6.2, -1 ],
            "scale": [ 2, 2, 2 ]
        },
        "thirdperson_lefthand": {
            "rotation": [ 0, 90, 0 ],
            "translation": [ -1, 2, -2 ],
            "scale": [ 1.5, 1.5, 1.5 ]
        },
        "thirdperson_righthand": {
            "rotation": [ 0, 270, 0 ],
            "translation": [ -1, 2, -2 ],
            "scale": [ 1.5, 1.5, 1.5 ]
        }
    },
    "elements": [
        {
            "name": "rifle_mag1",
            "from": [ 7.25, 6, 7.75 ], 
            "to": [ 8.75, 6.5, 8.25 ], 
            "faces": {
                "north": { "texture": "#crossbow", "uv": [ 12, 4, 15.5, 7.5 ], "rotation": 180 },
                "east": { "texture": "#crossbow", "uv": [ 13, 4, 13.5, 4.5 ] },
                "south": { "texture": "#crossbow", "uv": [ 12, 4, 15.5, 7.5 ] },
                "west": { "texture": "#crossbow", "uv": [ 13, 4, 13.5, 4.5 ] },
                "down": { "texture": "#crossbow", "uv": [ 14, 7, 15.5, 7.5 ] }
            }
        },
        {
            "name": "rifle_trigger1",
            "from": [ 10, 6.75, 7.875 ], 
            "to": [ 10.25, 7.5, 8.125 ], 
            "rotation": { "origin": [ 8, 8, 8 ], "axis": "z", "angle": -22.5 },
            "faces": {
                "north": { "texture": "#crossbow", "uv": [ 8, 0, 8.25, 0.75 ] },
                "east": { "texture": "#crossbow", "uv": [ 8, 0, 8.25, 0.75 ] },
                "south": { "texture": "#crossbow", "uv": [ 8, 0, 8.25, 0.75 ] },
                "west": { "texture": "#crossbow", "uv": [ 8, 0, 8.25, 0.75 ] },
                "down": { "texture": "#crossbow", "uv": [ 8, 0, 8.25, 0.25 ] }
            }
        },
        {
            "name": "rifle_trigger2",
            "from": [ 9.75, 5.875, 7.875 ], 
            "to": [ 9.875, 6.5, 8.125 ], 
            "faces": {
                "north": { "texture": "#crossbow", "uv": [ 12, 0, 12.125, 0.625 ] },
                "east": { "texture": "#crossbow", "uv": [ 12, 0, 12.25, 0.625 ] },
                "south": { "texture": "#crossbow", "uv": [ 12, 0, 12.125, 0.625 ] },
                "west": { "texture": "#crossbow", "uv": [ 12, 0, 12.25, 0.625 ] },
                "down": { "texture": "#crossbow", "uv": [ 12, 0, 12.125, 0.25 ] }
            }
        },
        {
            "name": "rifle_trigger3",
            "from": [ 8.75, 5.875, 7.875 ], 
            "to": [ 8.875, 6.5, 8.125 ], 
            "faces": {
                "north": { "texture": "#crossbow", "uv": [ 12, 0, 12.125, 0.625 ] },
                "east": { "texture": "#crossbow", "uv": [ 12, 0, 12.25, 0.625 ] },
                "south": { "texture": "#crossbow", "uv": [ 12, 0, 12.125, 0.625 ] },
                "west": { "texture": "#crossbow", "uv": [ 12, 0, 12.25, 0.625 ] },
                "down": { "texture": "#crossbow", "uv": [ 12, 0, 12.125, 0.25 ] }
            }
        },
        {
            "name": "rifle_trigger4",
            "from": [ 8.875, 5.875, 7.875 ], 
            "to": [ 9.75, 6, 8.125 ], 
            "faces": {
                "north": { "texture": "#crossbow", "uv": [ 12, 0, 12.875, 0.125 ] },
                "south": { "texture": "#crossbow", "uv": [ 12, 0, 12.875, 0.125 ] },
                "up": { "texture": "#crossbow", "uv": [ 12, 0, 12.875, 0.25 ] },
                "down": { "texture": "#crossbow", "uv": [ 12, 0, 12.875, 0.25 ] }
            }
        },
        {
            "name": "rifle_body1",
            "from": [ 4, 6.5, 7.5 ], 
            "to": [ 10, 7.5, 8.5 ], 
            "faces": {
                "north": { "texture": "#crossbow", "uv": [ 0, 0, 9, 1 ] },
                "east": { "texture": "#crossbow", "uv": [ 0, 0, 1, 1 ] },
                "south": { "texture": "#crossbow", "uv": [ 0, 2, 9, 3 ], "rotation": 180 },
                "west": { "texture": "#crossbow", "uv": [ 8, 0, 9, 1 ] },
                "up": { "texture": "#crossbow", "uv": [ 0, 3, 9, 4 ], "rotation": 180 },
                "down": { "texture": "#crossbow", "uv": [ 0, 3, 9, 4 ], "rotation": 180 }
            }
        },
        {
            "name": "rifle_body2",
            "from": [ 10, 7.25, 7.51 ], 
            "to": [ 12, 8.25, 8.49 ], 
            "rotation": { "origin": [ 8, 8, 8 ], "axis": "z", "angle": -22.5 },
            "faces": {
                "north": { "texture": "#crossbow", "uv": [ 0, 0, 2, 1 ] },
                "east": { "texture": "#crossbow", "uv": [ 0, 0, 0.98, 1 ] },
                "south": { "texture": "#crossbow", "uv": [ 0, 1, 2, 2 ] },
                "up": { "texture": "#crossbow", "uv": [ 0, 3, 2, 3.98 ] },
                "down": { "texture": "#crossbow", "uv": [ 0, 3, 2, 3.98 ] }
            }
        },
        {
            "name": "rifle_body3",
            "from": [ 11.5, 7, 7.75 ], 
            "to": [ 16, 7.25, 8.25 ], 
            "faces": {
                "north": { "texture": "#crossbow", "uv": [ 4, 0, 8.5, 0.25 ], "rotation": 180 },
                "east": { "texture": "#crossbow", "uv": [ 8, 0, 8.5, 0.25 ] },
                "south": { "texture": "#crossbow", "uv": [ 4, 0, 8.5, 0.25 ] },
                "west": { "texture": "#crossbow", "uv": [ 4, 0, 4.5, 0.25 ] },
                "up": { "texture": "#crossbow", "uv": [ 4, 0, 8.5, 0.5 ] }
            }
        },
        {
            "name": "rifle_body4",
            "from": [ 11.5, 6, 7.5 ], 
            "to": [ 16, 7, 8.5 ], 
            "faces": {
                "north": { "texture": "#crossbow", "uv": [ 4, 1, 8.5, 2 ], "rotation": 180 },
                "east": { "texture": "#crossbow", "uv": [ 8, 0, 9, 1 ] },
                "south": { "texture": "#crossbow", "uv": [ 4, 1, 8.5, 2 ] },
                "west": { "texture": "#crossbow", "uv": [ 4, 0, 5, 1 ] },
                "up": { "texture": "#crossbow", "uv": [ 4, 0, 8.5, 1 ] },
                "down": { "texture": "#crossbow", "uv": [ 4, 0, 8.5, 1 ] }
            }
        },
        {
            "name": "rifle_body5",
            "from": [ 12.5, 5.5, 7.5 ], 
            "to": [ 16, 6, 8.5 ], 
            "faces": {
                "north": { "texture": "#crossbow", "uv": [ 5, 3, 8.5, 3.5 ], "rotation": 180 },
                "east": { "texture": "#crossbow", "uv": [ 8, 0, 9, 0.5 ] },
                "south": { "texture": "#crossbow", "uv": [ 5, 3, 8.5, 3.5 ] },
                "west": { "texture": "#crossbow", "uv": [ 4, 0, 5, 0.5 ] },
                "down": { "texture": "#crossbow", "uv": [ 5, 0, 8.5, 1 ] }
            }
        },
        {
            "name": "rifle_body6",
            "from": [ 14.5, 5, 7.5 ], 
            "to": [ 16, 5.5, 8.5 ], 
            "faces": {
                "north": { "texture": "#crossbow", "uv": [ 7, 0, 8.5, 0.5 ], "rotation": 180 },
                "east": { "texture": "#crossbow", "uv": [ 8, 0, 9, 0.5 ] },
                "south": { "texture": "#crossbow", "uv": [ 7, 0, 8.5, 0.5 ] },
                "west": { "texture": "#crossbow", "uv": [ 4, 0, 5, 0.5 ] },
                "down": { "texture": "#crossbow", "uv": [ 7, 0, 8.5, 1 ] }
            }
        },
        {
            "name": "rifle_barrel1",
            "from": [ 0, 7.5, 7.75 ], 
            "to": [ 6.5, 8, 8.25 ], 
            "faces": {
                "north": { "texture": "#crossbow", "uv": [ 1, 4, 7.5, 4.5 ], "rotation": 180 },
                "south": { "texture": "#crossbow", "uv": [ 1, 4, 7.5, 4.5 ], "rotation": 180 },
                "up": { "texture": "#crossbow", "uv": [ 1, 4, 7.5, 4.5 ], "rotation": 180 },
                "down": { "texture": "#crossbow", "uv": [ 1, 4, 7.5, 4.5 ] }
            }
        },
        {
            "name": "rifle_barrel2",
            "from": [ 7.25, 7.5, 7.75 ], 
            "to": [ 8.75, 8, 8.25 ], 
            "faces": {
                "north": { "texture": "#crossbow", "uv": [ 0, 4, 1.5, 4.5 ] },
                "south": { "texture": "#crossbow", "uv": [ 0, 4, 1.5, 4.5 ] },
                "up": { "texture": "#crossbow", "uv": [ 0, 4, 1.5, 4.5 ] }
            }
        },
        {
            "name": "rifle_barrel3",
            "from": [ 6.5, 7.5, 7.625 ], 
            "to": [ 7.25, 8.125, 8.375 ], 
            "faces": {
                "north": { "texture": "#crossbow", "uv": [ 12, 0, 12.75, 0.625 ] },
                "east": { "texture": "#crossbow", "uv": [ 12, 0, 12.75, 0.625 ] },
                "south": { "texture": "#crossbow", "uv": [ 12, 0, 12.75, 0.625 ] },
                "west": { "texture": "#crossbow", "uv": [ 12, 0, 12.75, 0.625 ] },
                "up": { "texture": "#crossbow", "uv": [ 12, 0, 12.75, 0.75 ] }
            }
        },
        {
            "name": "rifle_barrel4",
            "from": [ 8.75, 7.5, 7.625 ], 
            "to": [ 9.5, 8.125, 8.375 ], 
            "faces": {
                "north": { "texture": "#crossbow", "uv": [ 12, 0, 12.75, 0.625 ] },
                "east": { "texture": "#crossbow", "uv": [ 12, 0, 12.75, 0.625 ] },
                "south": { "texture": "#crossbow", "uv": [ 12, 0, 12.75, 0.625 ] },
                "west": { "texture": "#crossbow", "uv": [ 12, 0, 12.75, 0.625 ] },
                "up": { "texture": "#crossbow", "uv": [ 12, 0, 12.75, 0.75 ] }
            }
        },
        {
            "name": "rifle_barrel5",
            "from": [ 9.5, 7.5, 7.75 ], 
            "to": [ 9.875, 8, 8.25 ], 
            "faces": {
                "north": { "texture": "#crossbow", "uv": [ 0, 4, 0.375, 4.5 ] },
                "east": { "texture": "#crossbow", "uv": [ 0, 4, 0.5, 4.5 ] },
                "south": { "texture": "#crossbow", "uv": [ 0, 4, 0.375, 4.5 ] },
                "up": { "texture": "#crossbow", "uv": [ 0, 4, 0.375, 4.5 ] }
            }
        },
        {
            "name": "rifle_barrel6",
            "from": [ 9.5, 7.75, 7.25 ], 
            "to": [ 9.75, 8, 7.75 ], 
            "rotation": { "origin": [ 8, 8, 8 ], "axis": "x", "angle": -22.5 },
            "faces": {
                "east": { "texture": "#crossbow", "uv": [ 0, 4, 0.5, 4.25 ] },
                "west": { "texture": "#crossbow", "uv": [ 0, 4, 0.5, 4.25 ] },
                "up": { "texture": "#crossbow", "uv": [ 0, 4, 0.25, 4.5 ] },
                "down": { "texture": "#crossbow", "uv": [ 0, 4, 0.25, 4.5 ] }
            }
        },
        {
            "name": "rifle_barrel7",
            "from": [ 9.375, 7.625, 6.75 ], 
            "to": [ 9.875, 8.125, 7.25 ], 
            "rotation": { "origin": [ 8, 8, 8 ], "axis": "x", "angle": -22.5 },
            "faces": {
                "north": { "texture": "#crossbow", "uv": [ 4, 4, 4.5, 4.5 ] },
                "east": { "texture": "#crossbow", "uv": [ 4, 4, 4.5, 4.5 ] },
                "south": { "texture": "#crossbow", "uv": [ 4, 4, 4.5, 4.5 ] },
                "west": { "texture": "#crossbow", "uv": [ 4, 4, 4.5, 4.5 ] },
                "up": { "texture": "#crossbow", "uv": [ 4, 4, 4.5, 4.5 ] },
                "down": { "texture": "#crossbow", "uv": [ 4, 4, 4.5, 4.5 ] }
            }
        },
        {
            "name": "rifle_sight1",
            "from": [ 0.125, 8, 7.875 ], 
            "to": [ 0.375, 8.25, 8.125 ], 
            "faces": {
                "north": { "texture": "#crossbow", "uv": [ 4, 4, 4.25, 4.25 ] },
                "east": { "texture": "#crossbow", "uv": [ 4, 4, 4.25, 4.25 ] },
                "south": { "texture": "#crossbow", "uv": [ 4, 4, 4.25, 4.25 ] },
                "west": { "texture": "#crossbow", "uv": [ 4, 4, 4.25, 4.25 ] },
                "up": { "texture": "#crossbow", "uv": [ 4, 4, 4.25, 4.25 ] }
            }
        },
        {
            "name": "rifle_sight2",
            "from": [ 5.25, 8.125, 7.75 ], 
            "to": [ 5.5, 8.25, 7.875 ], 
            "faces": {
                "north": { "texture": "#crossbow", "uv": [ 4, 4, 4.25, 4.125 ] },
                "east": { "texture": "#crossbow", "uv": [ 4, 4, 4.125, 4.125 ] },
                "south": { "texture": "#crossbow", "uv": [ 4, 4, 4.25, 4.125 ] },
                "west": { "texture": "#crossbow", "uv": [ 4, 4, 4.125, 4.125 ] },
                "up": { "texture": "#crossbow", "uv": [ 4, 4, 4.25, 4.125 ] }
            }
        },
        {
            "name": "rifle_sight3",
            "from": [ 5.25, 8.125, 8.125 ], 
            "to": [ 5.5, 8.25, 8.25 ], 
            "faces": {
                "north": { "texture": "#crossbow", "uv": [ 4, 4, 4.25, 4.125 ] },
                "east": { "texture": "#crossbow", "uv": [ 4, 4, 4.125, 4.125 ] },
                "south": { "texture": "#crossbow", "uv": [ 4, 4, 4.25, 4.125 ] },
                "west": { "texture": "#crossbow", "uv": [ 4, 4, 4.125, 4.125 ] },
                "up": { "texture": "#crossbow", "uv": [ 4, 4, 4.25, 4.125 ] }
            }
        },
        {
            "name": "rifle_sight4",
            "from": [ 4.5, 8, 7.75 ], 
            "to": [ 5.5, 8.125, 8.25 ], 
            "faces": {
                "north": { "texture": "#crossbow", "uv": [ 4, 4, 5, 4.125 ] },
                "east": { "texture": "#crossbow", "uv": [ 4, 4, 4.5, 4.125 ] },
                "south": { "texture": "#crossbow", "uv": [ 4, 4, 5, 4.125 ] },
                "west": { "texture": "#crossbow", "uv": [ 4, 4, 4.5, 4.125 ] },
                "up": { "texture": "#crossbow", "uv": [ 4, 4, 5, 4.5 ] }
            }
        }
    ]
}