{
	"texture_size": [64, 64],
	"textures": {
		"0": "minecraft:optifine/cit/icons/story_mode/gladiator_shield",
		"particle": "minecraft:optifine/cit/icons/story_mode/gladiator_shield"
	},
	"elements": [
		{
			"from": [7.5, -1, 3],
			"to": [8.5, 19, 13],
			"rotation": {"angle": 0, "axis": "y", "origin": [14, 16, 16]},
			"faces": {
				"north": {"uv": [2.5, 2.5, 2.75, 7.5], "texture": "#0"},
				"east": {"uv": [0, 2.5, 2.5, 7.5], "texture": "#0"},
				"south": {"uv": [5.25, 2.5, 5.5, 7.5], "texture": "#0"},
				"west": {"uv": [2.75, 2.5, 5.25, 7.5], "texture": "#0"},
				"up": {"uv": [2.75, 2.5, 2.5, 0], "texture": "#0"},
				"down": {"uv": [3, 0, 2.75, 2.5], "texture": "#0"}
			}
		},
		{
			"from": [7, -2, 2],
			"to": [9, 20, 3],
			"rotation": {"angle": 0, "axis": "y", "origin": [15, 16, 16]},
			"faces": {
				"north": {"uv": [1.75, 7.75, 2.25, 13.25], "texture": "#0"},
				"east": {"uv": [1.5, 7.75, 1.75, 13.25], "texture": "#0"},
				"south": {"uv": [2.5, 7.75, 3, 13.25], "texture": "#0"},
				"west": {"uv": [2.25, 7.75, 2.5, 13.25], "texture": "#0"},
				"up": {"uv": [2.25, 7.75, 1.75, 7.5], "texture": "#0"},
				"down": {"uv": [2.75, 7.5, 2.25, 7.75], "texture": "#0"}
			}
		},
		{
			"from": [7, -2, 13],
			"to": [9, 20, 14],
			"rotation": {"angle": 0, "axis": "y", "origin": [15, 16, 27]},
			"faces": {
				"north": {"uv": [0.25, 7.75, 0.75, 13.25], "texture": "#0"},
				"east": {"uv": [0, 7.75, 0.25, 13.25], "texture": "#0"},
				"south": {"uv": [1, 7.75, 1.5, 13.25], "texture": "#0"},
				"west": {"uv": [0.75, 7.75, 1, 13.25], "texture": "#0"},
				"up": {"uv": [0.75, 7.75, 0.25, 7.5], "texture": "#0"},
				"down": {"uv": [1.25, 7.5, 0.75, 7.75], "texture": "#0"}
			}
		},
		{
			"from": [7, 19, 3],
			"to": [9, 20, 13],
			"rotation": {"angle": 0, "axis": "y", "origin": [15, 16, 27]},
			"faces": {
				"north": {"uv": [8, 2.5, 8.5, 2.75], "texture": "#0"},
				"east": {"uv": [5.5, 2.5, 8, 2.75], "texture": "#0"},
				"south": {"uv": [11, 2.5, 11.5, 2.75], "texture": "#0"},
				"west": {"uv": [8.5, 2.5, 11, 2.75], "texture": "#0"},
				"up": {"uv": [8.5, 2.5, 8, 0], "texture": "#0"},
				"down": {"uv": [9, 0, 8.5, 2.5], "texture": "#0"}
			}
		},
		{
			"from": [7, -2, 3],
			"to": [9, -1, 13],
			"rotation": {"angle": 0, "axis": "y", "origin": [15, -5, 27]},
			"faces": {
				"north": {"uv": [5.5, 7.5, 6, 7.75], "texture": "#0"},
				"east": {"uv": [3, 7.5, 5.5, 7.75], "texture": "#0"},
				"south": {"uv": [8.5, 7.5, 9, 7.75], "texture": "#0"},
				"west": {"uv": [6, 7.5, 8.5, 7.75], "texture": "#0"},
				"up": {"uv": [6, 7.5, 5.5, 5], "texture": "#0"},
				"down": {"uv": [6.5, 5, 6, 7.5], "texture": "#0"}
			}
		},
		{
			"from": [8.5, 6, 7],
			"to": [14.5, 12, 9],
			"rotation": {"angle": 0, "axis": "y", "origin": [15, 16, 16]},
			"faces": {
				"north": {"uv": [3.5, 0.5, 5, 2], "texture": "#0"},
				"east": {"uv": [3, 0.5, 3.5, 2], "texture": "#0"},
				"south": {"uv": [5.5, 0.5, 7, 2], "texture": "#0"},
				"west": {"uv": [5, 0.5, 5.5, 2], "texture": "#0"},
				"up": {"uv": [5, 0.5, 3.5, 0], "texture": "#0"},
				"down": {"uv": [6.5, 0, 5, 0.5], "texture": "#0"}
			}
		}
	],
	"gui_light": "front",
	"display": {
		"thirdperson_righthand": {
			"rotation": [-180, 0, -180],
			"translation": [3.5, -3, 4]
		},
		"thirdperson_lefthand": {
			"translation": [3.5, -3, 4]
		},
		"firstperson_righthand": {
			"rotation": [5, -90, 0],
			"translation": [-4, -5.5, -2.75]
		},
		"firstperson_lefthand": {
			"rotation": [5, 90, 0],
			"translation": [-4, -5.5, -2.75]
		},
		"ground": {
			"translation": [1.75, 1.75, 0],
			"scale": [0.25, 0.25, 0.25]
		},
		"gui": {
			"rotation": [13, 65, -7],
			"translation": [0, -0.75, 0],
			"scale": [0.7, 0.7, 0.7]
		},
		"head": {
			"rotation": [0, 90, 0],
			"translation": [-9.75, -11, -6.75]
		},
		"fixed": {
			"rotation": [0, -90, 0],
			"translation": [1.75, -0.75, -2.25],
			"scale": [0.6, 0.6, 0.6]
		}
	},
	"groups": [
		{
			"name": "gladiator_shield_blocking",
			"origin": [8, 8, 8],
			"children": [
				{
					"name": "body",
					"origin": [9, 15, 16],
					"children": [0]
				},
				{
					"name": "protrusions",
					"origin": [8, 8, 8],
					"children": [1, 2, 3, 4]
				},
				{
					"name": "handle",
					"origin": [8, 8, 8],
					"children": [5]
				}
			]
		}
	]
}